names,count
天童アリス,9292
才羽モモイ_才羽ミドリ,2720
才羽モモイ,2695
花岡ユズ,2372
才羽ミドリ,2249
天童アリス_ケイ(ブルーアーカイブ),849
才羽モモイ_天童アリス_才羽ミドリ_花岡ユズ,822
天童アリス_早瀬ユウカ,291
天童アリス_花岡ユズ,263
才羽モモイ_天童アリス_才羽ミドリ,183
天童アリス_美甘ネル,177
才羽モモイ_早瀬ユウカ,145
才羽モモイ_天童アリス,144
才羽ミドリ_早瀬ユウカ_天童アリス_花岡ユズ_才羽モモイ,105
天童アリス_調月リオ,90
才羽モモイ_才羽ミドリ_早瀬ユウカ,85
天童アリス_飛鳥馬トキ,83
天童アリス_空崎ヒナ,62
才羽モモイ_才羽ミドリ_花岡ユズ,58
天童アリス_才羽ミドリ,55
才羽ミドリ_ケイ(ブルーアーカイブ)_天童アリス_花岡ユズ_才羽モモイ,38
才羽モモイ_天童アリス_早瀬ユウカ,38
才羽モモイ_天童アリス_才羽ミドリ_早瀬ユウカ,25
鬼方カヨコ_花岡ユズ,23
才羽ミドリ_早瀬ユウカ,23
小鳥遊ホシノ_天童アリス,20
天童アリス_明星ヒマリ,20
才羽モモイ_花岡ユズ,19
才羽ミドリ_早瀬ユウカ_天童アリス_花岡ユズ_才羽モモイ_生塩ノア,19
天童アリス_一之瀬アスナ,19
霞沢ミユ_花岡ユズ,18
美甘ネル_才羽ミドリ_天童アリス_花岡ユズ_才羽モモイ,18
才羽モモイ_天童アリス_花岡ユズ,17
天童アリス_早瀬ユウカ_陸八魔アル_阿慈谷ヒフミ,16
天童アリス_飛鳥馬トキ_花岡ユズ,15
天童アリス_阿慈谷ヒフミ,15
霞沢ミユ_天童アリス,14
才羽ミドリ_花岡ユズ,13
小鳥遊ホシノ_鬼方カヨコ_花岡ユズ,13
天童アリス_聖園ミカ,13
下江コハル_天童アリス,12
才羽ミドリ_天童アリス_花岡ユズ_才羽モモイ_飛鳥馬トキ,11
花岡ユズ_早瀬ユウカ,11
天童アリス_白洲アズサ,11
才羽モモイ_天童アリス_才羽ミドリ_ケイ(ブルーアーカイブ),10
才羽モモイ_天童アリス_ケイ(ブルーアーカイブ),10
天童アリス_黒崎コユキ,10
花岡ユズ_ソラ(ブルーアーカイブ),9
天童アリス_才羽ミドリ_花岡ユズ,9
才羽モモイ_天童アリス_才羽ミドリ_美甘ネル,9
砂狼シロコ_天童アリス,9
花岡ユズ_空崎ヒナ,8
美甘ネル_才羽ミドリ_早瀬ユウカ_天童アリス_花岡ユズ_才羽モモイ,8
才羽モモイ_生塩ノア_早瀬ユウカ,8
アロナ(ブルーアーカイブ)_天童アリス,8
天童アリス_陸八魔アル,8
美甘ネル_花岡ユズ,7
才羽モモイ_才羽ミドリ_早瀬ユウカ_花岡ユズ,7
飛鳥馬トキ_花岡ユズ,7
才羽モモイ_才羽ミドリ_小鈎ハレ,7
才羽モモイ_生塩ノア_才羽ミドリ_早瀬ユウカ,7
才羽モモイ_飛鳥馬トキ_才羽ミドリ,7
才羽モモイ_才羽ミドリ_下江コハル,7
小鳥遊ホシノ_才羽モモイ,7
天童アリス_才羽モモイ_美甘ネル_才羽ミドリ,7
天童アリス_砂狼シロコ,7
天童アリス_一之瀬アスナ_角楯カリン,7
天童アリス_伊落マリー,7
天童アリス_錠前サオリ,7
生塩ノア_天童アリス_早瀬ユウカ,7
早瀬ユウカ_花岡ユズ,6
才羽ミドリ_清澄アキラ_天童アリス_花岡ユズ_才羽モモイ_飛鳥馬トキ,6
花岡ユズ_阿慈谷ヒフミ,6
花岡ユズ_天童アリス_早瀬ユウカ,6
古関ウイ_花岡ユズ,6
天童アリス_才羽ミドリ_早瀬ユウカ,6
天童アリス_浅黄ムツキ,6
猫塚ヒビキ_天童アリス,6
天童アリス_古関ウイ,6
天童アリス_調月リオ_早瀬ユウカ,6
天童アリス_美甘ネル_ケイ(ブルーアーカイブ),6
天童アリス_柚鳥ナツ,6
棗イロハ_天童アリス,6
天童アリス_花岡ユズ_空崎ヒナ,5
天童アリス_花岡ユズ_ケイ(ブルーアーカイブ),5
小鳥遊ホシノ_花岡ユズ,5
花岡ユズ_ソラ(ブルーアーカイブ)_空崎ヒナ,5
伊草ハルカ_花岡ユズ,5
小鳥遊ホシノ_才羽モモイ_才羽ミドリ,5
才羽モモイ_天童アリス_飛鳥馬トキ_才羽ミドリ,5
才羽モモイ_橘ノゾミ_才羽ミドリ_橘ヒカリ,5
アロナ(ブルーアーカイブ)_才羽ミドリ,5
天童アリス_飛鳥馬トキ_調月リオ,5
天童アリス_早瀬ユウカ_ケイ(ブルーアーカイブ),5
天童アリス_鷲見セリナ,5
天童アリス_尾刃カンナ,5
天童アリス_銀鏡イオリ,5
天童アリス_羽川ハスミ,5
天童アリス_生塩ノア_早瀬ユウカ,5
天雨アコ_天童アリス,5
天童アリス_竜華キサキ,5
天童アリス_プラナ(ブルーアーカイブ),5
天童アリス_春原シュン,5
才羽ミドリ_天童アリス_聖園ミカ_花岡ユズ_才羽モモイ,4
才羽ミドリ_天童アリス_明星ヒマリ_花岡ユズ_才羽モモイ,4
花岡ユズ_伊落マリー,4
才羽モモイ_黒崎コユキ_早瀬ユウカ,4
才羽モモイ_調月リオ,4
才羽モモイ_天童アリス_美甘ネル,4
才羽モモイ_空崎ヒナ,4
才羽モモイ_聖園ミカ,4
才羽モモイ_才羽ミドリ_空崎ヒナ,4
砂狼シロコ_才羽ミドリ,4
小塗マキ_才羽ミドリ,4
下江コハル_才羽ミドリ,4
飛鳥馬トキ_才羽ミドリ,4
天童アリス_橘ヒカリ,4
天童アリス_明星ヒマリ_調月リオ,4
天童アリス_早瀬ユウカ_空崎ヒナ,4
和泉元エイミ_天童アリス_明星ヒマリ,4
久田イズナ_天童アリス,4
天童アリス_秤アツコ,4
天雨アコ_天童アリス_空崎ヒナ,4
生塩ノア_天童アリス,4
天童アリス_清澄アキラ,4
早瀬ユウカ_才羽モモイ_才羽ミドリ_花岡ユズ,3
花岡ユズ_歌住サクラコ,3
才羽ミドリ_天童アリス_明星ヒマリ_花岡ユズ_小塗マキ_才羽モモイ_小鈎ハレ,3
早瀬ユウカ_天童アリス_花岡ユズ,3
才羽ミドリ_天童アリス_花岡ユズ_才羽モモイ_調月リオ,3
砂狼シロコ_鬼方カヨコ_花岡ユズ,3
花岡ユズ_竜華キサキ,3
才羽ミドリ_天童アリス_花岡ユズ_霞沢ミユ_才羽モモイ,3
美甘ネル_才羽ミドリ_早瀬ユウカ_天童アリス_花岡ユズ_才羽モモイ_飛鳥馬トキ,3
花岡ユズ_清澄アキラ,3
霞沢ミユ_古関ウイ_花岡ユズ,3
花岡ユズ_陸八魔アル,3
天童アリス_花岡ユズ_ソラ(ブルーアーカイブ),3
才羽モモイ_才羽ミドリ_清澄アキラ,3
才羽モモイ_飛鳥馬トキ,3
陸八魔アル_小鳥遊ホシノ_砂狼シロコ_才羽モモイ_飛鳥馬トキ,3
和泉元エイミ_才羽モモイ_才羽ミドリ,3
才羽モモイ_伊落マリー,3
才羽モモイ_ケイ(ブルーアーカイブ),3
才羽モモイ_小鈎ハレ,3
勘解由小路ユカリ_才羽モモイ_才羽ミドリ,3
才羽モモイ_箭吹シュロ_才羽ミドリ,3
才羽モモイ_黒崎コユキ,3
才羽ミドリ_早瀬ユウカ_ケイ(ブルーアーカイブ)_天童アリス_才羽モモイ,3
才羽モモイ_天童アリス_久田イズナ,3
才羽モモイ_明星ヒマリ,3
才羽モモイ_才羽ミドリ_赤司ジュンコ,3
天童アリス_才羽モモイ_美甘ネル,3
才羽モモイ_才羽ミドリ_早瀬ユウカ_阿慈谷ヒフミ,3
天童アリス_才羽ミドリ_ケイ(ブルーアーカイブ),3
天童アリス_乙花スミレ,3
黒崎コユキ_早瀬ユウカ_天童アリス_生塩ノア_調月リオ,3
天童アリス_飛鳥馬トキ_早瀬ユウカ,3
天童アリス_空井サキ,3
天童アリス_小鈎ハレ,3
天童アリス_十六夜ノノミ,3
天童アリス_アロナ(ブルーアーカイブ)_飛鳥馬トキ_プラナ(ブルーアーカイブ),3
天童アリス_鬼方カヨコ,3
豊見コトリ_天童アリス,3
天童アリス_明星ヒマリ_ケイ(ブルーアーカイブ),3
浦和ハナコ_天童アリス,3
白石ウタハ_天童アリス,3
アロナ(ブルーアーカイブ)_天童アリス_ケイ(ブルーアーカイブ),3
伊草ハルカ_天童アリス,3
天童アリス_生塩ノア,3
天童アリス_連河チェリノ,3
天童アリス_聖園ミカ_空崎ヒナ,3
天童アリス_宇沢レイサ,3
天童アリス_ソラ(ブルーアーカイブ),3
才羽ミドリ_天童アリス_花岡ユズ_才羽モモイ_アロナ(ブルーアーカイブ),2
才羽ミドリ_空崎ヒナ_天童アリス_花岡ユズ_才羽モモイ,2
百合園セイア_花岡ユズ_ソラ(ブルーアーカイブ)_空崎ヒナ,2
才羽ミドリ_小鳥遊ホシノ_天童アリス_花岡ユズ_才羽モモイ,2
花岡ユズ_小鈎ハレ,2
花岡ユズ_黒見セリカ,2
花岡ユズ_百合園セイア,2
才羽ミドリ_早瀬ユウカ_天童アリス_花岡ユズ_才羽モモイ_アロナ(ブルーアーカイブ),2
猫塚ヒビキ_花岡ユズ,2
白洲アズサ_花岡ユズ_阿慈谷ヒフミ,2
アロナ(ブルーアーカイブ)_花岡ユズ_プラナ(ブルーアーカイブ),2
才羽ミドリ_陸八魔アル_天童アリス_花岡ユズ_才羽モモイ,2
才羽ミドリ_早瀬ユウカ_天童アリス_明星ヒマリ_花岡ユズ_才羽モモイ,2
砂狼シロコ_花岡ユズ,2
調月リオ_花岡ユズ_才羽ミドリ,2
美甘ネル_一之瀬アスナ_才羽ミドリ_花岡ユズ_才羽モモイ_飛鳥馬トキ,2
白石ウタハ_花岡ユズ,2
天童アリス_花岡ユズ_美甘ネル,2
棗イロハ_花岡ユズ,2
和楽チセ_花岡ユズ,2
阿慈谷ヒフミ_白洲アズサ_下江コハル_ケイ(ブルーアーカイブ)_天童アリス_花岡ユズ_浦和ハナコ,2
陸八魔アル_小鳥遊ホシノ_砂狼シロコ_空崎ヒナ_鬼方カヨコ_花岡ユズ,2
天童アリス_アロナ(ブルーアーカイブ)_花岡ユズ,2
小鳥遊ホシノ_花岡ユズ_陸八魔アル,2
小鳥遊ホシノ_天童アリス_花岡ユズ,2
下江コハル_天童アリス_花岡ユズ_阿慈谷ヒフミ,2
下江コハル_花岡ユズ_阿慈谷ヒフミ,2
天童アリス_銀鏡イオリ_花岡ユズ,2
小鳥遊ホシノ_才羽モモイ_天童アリス,2
才羽モモイ_才羽ミドリ_角楯カリン,2
才羽モモイ_下江コハル,2
伊草ハルカ_才羽モモイ_才羽ミドリ,2
才羽モモイ_才羽ミドリ_伊落マリー,2
才羽モモイ_才羽ミドリ_尾刃カンナ,2
才羽モモイ_天童アリス_阿慈谷ヒフミ,2
才羽モモイ_アロナ(ブルーアーカイブ),2
才羽モモイ_角楯カリン,2
才羽モモイ_宇沢レイサ,2
和泉元エイミ_才羽モモイ_飛鳥馬トキ_才羽ミドリ,2
才羽モモイ_才羽ミドリ_薬子サヤ,2
才羽モモイ_明星ヒマリ_才羽ミドリ,2
才羽モモイ_天童アリス_一之瀬アスナ_才羽ミドリ,2
才羽モモイ_銀鏡イオリ_才羽ミドリ,2
才羽ミドリ_陸八魔アル_浅黄ムツキ_鬼方カヨコ_才羽モモイ_小鈎ハレ,2
才羽モモイ_才羽ミドリ_早瀬ユウカ_空崎ヒナ,2
才羽モモイ_浅黄ムツキ,2
才羽モモイ_銀鏡イオリ_聖園ミカ_連河チェリノ,2
久田イズナ_才羽モモイ,2
才羽ミドリ_天童アリス_明星ヒマリ_才羽モモイ_調月リオ,2
才羽モモイ_才羽ミドリ_阿慈谷ヒフミ,2
才羽モモイ_宇沢レイサ_才羽ミドリ,2
愛清フウカ_才羽ミドリ_河和シズコ_栗村アイリ_浅黄ムツキ_鬼方カヨコ_才羽モモイ,2
才羽モモイ_鬼方カヨコ,2
美甘ネル_才羽ミドリ_天童アリス_才羽モモイ_羽沼マコト,2
才羽モモイ_天童アリス_才羽ミドリ_空崎ヒナ,2
猫塚ヒビキ_才羽モモイ,2
才羽モモイ_天童アリス_空崎ヒナ,2
才羽モモイ_天童アリス_飛鳥馬トキ,2
才羽モモイ_阿慈谷ヒフミ,2
才羽モモイ_アロナ(ブルーアーカイブ)_才羽ミドリ,2
才羽モモイ_白洲アズサ_才羽ミドリ,2
水羽ミモリ_才羽ミドリ_安守ミノリ,2
箭吹シュロ_才羽ミドリ,2
才羽ミドリ_清澄アキラ,2
小鳥遊ホシノ_才羽ミドリ,2
天童アリス_才羽ミドリ_秤アツコ,2
霞沢ミユ_天童アリス_才羽ミドリ,2
才羽ミドリ_姫木メル,2
天童アリス_才羽ミドリ_聖園ミカ,2
才羽ミドリ_安守ミノリ,2
小鳥遊ホシノ_天童アリス_才羽ミドリ,2
才羽ミドリ_聖園ミカ,2
乙花スミレ_天童アリス,2
天童アリス_橘ノゾミ_橘ヒカリ,2
天童アリス_聖園ミカ_伊落マリー_百合園セイア,2
天童アリス_若葉ヒナタ,2
天童アリス_調月リオ_百合園セイア,2
天童アリス_久田イズナ_砂狼シロコ_百合園セイア,2
牛牧ジュリ_天童アリス,2
天童アリス_生塩ノア_調月リオ_早瀬ユウカ,2
天童アリス_春原シュン(幼女),2
小鳥遊ホシノ_天童アリス_空崎ヒナ,2
天童アリス_薬子サヤ,2
霞沢ミユ_天童アリス_伊落マリー,2
椎名ツムギ_天童アリス,2
天童アリス_美甘ネル_一之瀬アスナ,2
天童アリス_飛鳥馬トキ_美甘ネル,2
和楽チセ_天童アリス,2
丹花イブキ_天童アリス,2
アロナ(ブルーアーカイブ)_天童アリス_プラナ(ブルーアーカイブ),2
棗イロハ_下江コハル_天童アリス,2
天童アリス_飛鳥馬トキ_浅黄ムツキ,2
砂狼シロコ_天童アリス_柚鳥ナツ,2
ケイ(ブルーアーカイブ)_天童アリス_空崎ヒナ,2
生塩ノア_天童アリス_早瀬ユウカ_美甘ネル,2
天童アリス_不知火カヤ,2
天童アリス_白石ウタハ_尾刃カンナ,2
天童アリス_黒見セリカ,2
天童アリス_調月リオ_ケイ(ブルーアーカイブ),2
天童アリス_聖園ミカ_早瀬ユウカ,2
小鳥遊ホシノ_天童アリス_早瀬ユウカ,2
一之瀬アスナ_白洲アズサ_天童アリス_浦和ハナコ_飛鳥馬トキ,2
天童アリス_飛鳥馬トキ_錠前サオリ,2
天童アリス_美甘ネル_早瀬ユウカ,2
槌永ヒヨリ_天童アリス,2
天童アリス_箭吹シュロ,2
天童アリス_聖園ミカ_ケイ(ブルーアーカイブ),2
小鳥遊ホシノ_天童アリス_ケイ(ブルーアーカイブ),2
アロナ(ブルーアーカイブ)_天童アリス_聖園ミカ,2
天童アリス_美甘ネル_飛鳥馬トキ,2
天童アリス_アロナ(ブルーアーカイブ)_プラナ(ブルーアーカイブ),2
天童アリス_アロナ(ブルーアーカイブ),2
天童アリス_月雪ミヤコ,2
美甘ネル_一之瀬アスナ_室笠アカネ_角楯カリン_天童アリス,2
霞沢ミユ_天童アリス_浅黄ムツキ,2
小塗マキ_天童アリス,2
天童アリス_一之瀬アスナ_空崎ヒナ,2
天童アリス_竜華キサキ_空崎ヒナ,2
アロナ(ブルーアーカイブ)_天童アリス_プラナ(ブルーアーカイブ)_ケイ(ブルーアーカイブ),2
愛清フウカ_天童アリス,2
小鳥遊ホシノ_天童アリス_月雪ミヤコ_秤アツコ,2
天童アリス_早瀬ユウカ_美甘ネル,2
杏山カズサ_天童アリス,2
天童アリス_飛鳥馬トキ_聖園ミカ,2
天童アリス_飛鳥馬トキ_調月リオ_美甘ネル,2
天童アリス_美甘ネル_黒崎コユキ,2
天童アリス_明星ヒマリ_調月リオ_飛鳥馬トキ,2
天童アリス_砂狼シロコ_空崎ヒナ,2
鰐渕アカリ_銀鏡イオリ_伊落マリー_砂狼シロコ_天童アリス,2
下江コハル_天童アリス_古関ウイ,2
天童アリス_美甘ネル_河駒風ラブ,2
才羽ミドリ_黒崎コユキ_早瀬ユウカ_天童アリス_花岡ユズ_才羽モモイ_生塩ノア,1
才羽ミドリ_早瀬ユウカ_天童アリス_花岡ユズ_プラナ(ブルーアーカイブ)_才羽モモイ_アロナ(ブルーアーカイブ),1
才羽ミドリ_黒崎コユキ_早瀬ユウカ_天童アリス_花岡ユズ_才羽モモイ_生塩ノア_調月リオ,1
天童アリス_才羽ミドリ_花岡ユズ_調月リオ,1
才羽モモイ_シロコ*テラー_花岡ユズ,1
漆原カグヤ_間宵シグレ_花岡ユズ_連河チェリノ_下江コハル,1
和泉元エイミ_才羽モモイ_花岡ユズ,1
小鳥遊ホシノ_黒崎コユキ_間宵シグレ_羽川ハスミ_聖園ミカ_花岡ユズ_生塩ノア_黒見セリカ,1
才羽ミドリ_早瀬ユウカ_空崎ヒナ_天童アリス_花岡ユズ_才羽モモイ_生塩ノア,1
丹花イブキ_花岡ユズ,1
杏山カズサ_花岡ユズ_桐生キキョウ,1
才羽モモイ_天童アリス_花岡ユズ_空崎ヒナ,1
伊草ハルカ_花岡ユズ_竜華キサキ,1
才羽ミドリ_小鳥遊ホシノ_天童アリス_花岡ユズ_錠前サオリ_才羽モモイ,1
美甘ネル_空崎ヒナ_天童アリス_花岡ユズ_才羽モモイ,1
夜桜キララ_才羽ミドリ_河駒風ラブ_天童アリス_花岡ユズ_才羽モモイ,1
才羽ミドリ_陸八魔アル_花岡ユズ_霞沢ミユ_才羽モモイ,1
豊見コトリ_戒野ミサキ_花岡ユズ_三善タカネ,1
箭吹シュロ_花岡ユズ,1
若葉ヒナタ_花岡ユズ,1
勘解由小路ユカリ_尾刃カンナ_早瀬ユウカ_空崎ヒナ_花岡ユズ,1
才羽ミドリ_小鳥遊ホシノ_ケイ(ブルーアーカイブ)_天童アリス_花岡ユズ_才羽モモイ_黒見セリカ,1
杏山カズサ_花岡ユズ_ソラ(ブルーアーカイブ),1
岩櫃アユム_花岡ユズ_ソラ(ブルーアーカイブ)_空崎ヒナ,1
小塗マキ_才羽モモイ_花岡ユズ,1
美甘ネル_陸八魔アル_十六夜ノノミ_天童アリス_花岡ユズ_才羽モモイ_飛鳥馬トキ,1
天童アリス_戒野ミサキ_花岡ユズ,1
小鳥遊ホシノ_才羽ミドリ_花岡ユズ,1
才羽ミドリ_天童アリス_花岡ユズ_霞沢ミユ_才羽モモイ_姫木メル,1
美甘ネル_尾刃カンナ_早瀬ユウカ_花岡ユズ_不知火カヤ,1
才羽ミドリ_アロナ(ブルーアーカイブ)_天童アリス_花岡ユズ_才羽モモイ_月雪ミヤコ,1
銀鏡イオリ_砂狼シロコ_早瀬ユウカ_花岡ユズ_錠前サオリ,1
空崎ヒナ_花岡ユズ_ソラ(ブルーアーカイブ)_百合園セイア,1
音瀬コタマ_霞沢ミユ_鷲見セリナ_花岡ユズ,1
才羽ミドリ_伊落マリー_小鳥遊ホシノ_空崎ヒナ_天童アリス_聖園ミカ_花岡ユズ_霞沢ミユ_才羽モモイ_百合園セイア,1
浅黄ムツキ_花岡ユズ_陸八魔アル,1
才羽モモイ_花岡ユズ_百合園セイア,1
宇沢レイサ_天童アリス_花岡ユズ_小塗マキ_百合園セイア,1
花岡ユズ_才羽ミドリ_早瀬ユウカ_才羽モモイ,1
花岡ユズ_黒崎コユキ_角楯カリン_早瀬ユウカ,1
才羽ミドリ_小鳥遊ホシノ_砂狼シロコ_天童アリス_花岡ユズ_霞沢ミユ_才羽モモイ,1
ハイネ(ブルーアーカイブ)_春原シュン(幼女)_豊見コトリ_天童アリス_花岡ユズ,1
阿慈谷ヒフミ_下江コハル_天童アリス_聖園ミカ_花岡ユズ_浦和ハナコ,1
宇沢レイサ_霞沢ミユ_花岡ユズ_伊草ハルカ_下江コハル_大野ツクヨ_古関ウイ,1
陸八魔アル_小鳥遊ホシノ_天童アリス_花岡ユズ_調月リオ,1
天童アリス_才羽モモイ_美甘ネル_花岡ユズ,1
霞沢ミユ_槌永ヒヨリ_古関ウイ_花岡ユズ,1
花岡ユズ_橘ノゾミ_大野ツクヨ_尾刃カンナ,1
小鳥遊ホシノ_天雨アコ_花岡ユズ,1
円堂シミコ_才羽ミドリ_天童アリス_花岡ユズ_才羽モモイ_古関ウイ,1
小塗マキ_室笠アカネ_花岡ユズ,1
才羽モモイ_才羽ミドリ_花岡ユズ_空崎ヒナ,1
才羽ミドリ_小鳥遊ホシノ_天童アリス_花岡ユズ_霞沢ミユ_才羽モモイ,1
明星ヒマリ_花岡ユズ_秤アツコ,1
銀鏡イオリ_陸八魔アル_棗イロハ_小鳥遊ホシノ_空崎ヒナ_花岡ユズ_鬼怒川カスミ,1
浦和ハナコ_花岡ユズ_竜華キサキ,1
花岡ユズ_大野ツクヨ_春日ツバキ_春原シュン,1
乙花スミレ_花岡ユズ,1
伊草ハルカ_槌永ヒヨリ_花岡ユズ_陸八魔アル,1
才羽ミドリ_黒崎コユキ_早瀬ユウカ_天童アリス_花岡ユズ_才羽モモイ_生塩ノア_飛鳥馬トキ_調月リオ,1
才羽モモイ_早瀬ユウカ_花岡ユズ,1
花岡ユズ_桐生キキョウ,1
花岡ユズ_三善タカネ,1
杏山カズサ_白洲アズサ_早瀬ユウカ_聖園ミカ_花岡ユズ_生塩ノア_竜華キサキ,1
花岡ユズ_姫木メル,1
天童アリス_古関ウイ_花岡ユズ,1
才羽ミドリ_天童アリス_浅黄ムツキ_花岡ユズ_才羽モモイ,1
砂狼シロコ_宇沢レイサ_花岡ユズ_下江コハル_アロナ(ブルーアーカイブ)_柚鳥ナツ,1
鷲見セリナ_空崎ヒナ_空井サキ_鬼方カヨコ_花岡ユズ,1
勇美カエデ_各務チヒロ_黒舘ハルナ_明星ヒマリ_花岡ユズ_春原ココナ,1
花岡ユズ_天童アリス_銀鏡イオリ_尾刃カンナ,1
花岡ユズ_七神リン_柚鳥ナツ_久田イズナ,1
才羽ミドリ_清澄アキラ_狐坂ワカモ_天童アリス_花岡ユズ_才羽モモイ_飛鳥馬トキ,1
美甘ネル_羽川ハスミ_花岡ユズ_陸八魔アル,1
十六夜ノノミ_早瀬ユウカ_花岡ユズ_小塗マキ_久田イズナ_古関ウイ_黒見セリカ,1
天童アリス_飛鳥馬トキ_浅黄ムツキ_花岡ユズ,1
美甘ネル_才羽ミドリ_天童アリス_花岡ユズ_小塗マキ_才羽モモイ,1
御稜ナグサ_アロナ(ブルーアーカイブ)_花岡ユズ_梔子ユメ_春原ココナ,1
才羽ミドリ_伊落マリー_天童アリス_花岡ユズ_才羽モモイ,1
室笠アカネ_空崎ヒナ_天童アリス_花岡ユズ_天見ノドカ,1
小鳥遊ホシノ_早瀬ユウカ_ケイ(ブルーアーカイブ)_天童アリス_花岡ユズ,1
音瀬コタマ_花岡ユズ,1
白石ウタハ_才羽ミドリ_猫塚ヒビキ_豊見コトリ_天童アリス_花岡ユズ_才羽モモイ,1
春原ココナ_花岡ユズ_空崎ヒナ,1
愛清フウカ_間宵シグレ_鷲見セリナ_天童アリス_花岡ユズ_天見ノドカ_ソラ(ブルーアーカイブ),1
杏山カズサ_棗イロハ_合歓垣フブキ_空崎ヒナ_天童アリス_花岡ユズ_浦和ハナコ_竜華キサキ,1
ソフ(ブルーアーカイブ)_戒野ミサキ_花岡ユズ,1
棗イロハ_才羽モモイ_才羽ミドリ_花岡ユズ,1
愛清フウカ_美甘ネル_天童アリス_花岡ユズ_伊草ハルカ_柚鳥ナツ,1
伊落マリー_天童アリス_花岡ユズ_霞沢ミユ_才羽モモイ,1
下江コハル_才羽モモイ_花岡ユズ_ソラ(ブルーアーカイブ),1
春日ツバキ_間宵シグレ_連河チェリノ_花岡ユズ_池倉マリナ_飛鳥馬トキ,1
才羽ミドリ_早瀬ユウカ_ケイ(ブルーアーカイブ)_天童アリス_花岡ユズ_才羽モモイ,1
才羽ミドリ_阿慈谷ヒフミ_空崎ヒナ_天童アリス_花岡ユズ_霞沢ミユ_才羽モモイ,1
阿慈谷ヒフミ_白洲アズサ_桐藤ナギサ_花岡ユズ_古関ウイ,1
杏山カズサ_美甘ネル_陸八魔アル_空崎ヒナ_花岡ユズ_才羽モモイ_飛鳥馬トキ,1
才羽ミドリ_秋泉モミジ_赤司ジュンコ_ケイ(ブルーアーカイブ)_天童アリス_花岡ユズ_才羽モモイ,1
陸八魔アル_小鳥遊ホシノ_砂狼シロコ_鬼方カヨコ_花岡ユズ,1
美甘ネル_才羽ミドリ_伊落マリー_天童アリス_空井サキ_花岡ユズ_才羽モモイ,1
才羽ミドリ_伊落マリー_天童アリス_花岡ユズ_霞沢ミユ_才羽モモイ,1
下江コハル_扇喜アオイ_花岡ユズ_秤アツコ,1
鰐渕アカリ_小鳥遊ホシノ_天雨アコ_砂狼シロコ_中務キリノ_天童アリス_花岡ユズ_才羽モモイ,1
花岡ユズ_アロナ(ブルーアーカイブ)_尾刃カンナ_ソラ(ブルーアーカイブ),1
オウル(ブルーアーカイブ)_花岡ユズ_ソラ(ブルーアーカイブ)_百合園セイア,1
天童アリス_明星ヒマリ_花岡ユズ_和泉元エイミ_才羽モモイ,1
才羽ミドリ_下江コハル_天童アリス_聖園ミカ_花岡ユズ_霞沢ミユ_才羽モモイ,1
室笠アカネ_秋泉モミジ_天童アリス_聖園ミカ_花岡ユズ_才羽モモイ_百合園セイア,1
才羽ミドリ_音瀬コタマ_花岡ユズ_才羽モモイ_小鈎ハレ,1
才羽ミドリ_天童アリス_花岡ユズ_和泉元エイミ_才羽モモイ,1
才羽ミドリ_天童アリス_明星ヒマリ_花岡ユズ_和泉元エイミ_才羽モモイ,1
早瀬ユウカ_扇喜アオイ_花岡ユズ,1
才羽ミドリ_早瀬ユウカ_天童アリス_花岡ユズ_才羽モモイ_飛鳥馬トキ,1
才羽ミドリ_下江コハル_天童アリス_花岡ユズ_霞沢ミユ_才羽モモイ,1
小鳥遊ホシノ_早瀬ユウカ_天童アリス_花岡ユズ_生塩ノア,1
才羽ミドリ_天童アリス_才羽モモイ_花岡ユズ_下江コハル,1
天童アリス_箭吹シュロ_花岡ユズ,1
才羽ミドリ_春原シュン(幼女)_花岡ユズ_才羽モモイ_春原ココナ,1
美甘ネル_才羽ミドリ_陸八魔アル_小鳥遊ホシノ_空崎ヒナ_天童アリス_花岡ユズ_霞沢ミユ_才羽モモイ,1
室笠アカネ_桐生キキョウ_天童アリス_花岡ユズ_和泉元エイミ_下江コハル,1
阿慈谷ヒフミ_浦和ハナコ_白洲アズサ_天童アリス_花岡ユズ_下江コハル,1
才羽ミドリ_天童アリス_明星ヒマリ_花岡ユズ_才羽モモイ_調月リオ,1
才羽ミドリ_各務チヒロ_天童アリス_花岡ユズ_才羽モモイ,1
狐坂ワカモ_天童アリス_花岡ユズ_空崎ヒナ,1
花岡ユズ_飛鳥馬トキ_早瀬ユウカ_仲正イチカ,1
天童アリス_花岡ユズ_プラナ(ブルーアーカイブ)_アロナ(ブルーアーカイブ)_飛鳥馬トキ,1
小鳥遊ホシノ_聖園ミカ_花岡ユズ_錠前サオリ,1
伊草ハルカ_鬼怒川カスミ_花岡ユズ,1
美甘ネル_飛鳥馬トキ_花岡ユズ,1
才羽モモイ_才羽ミドリ_花岡ユズ_調月リオ,1
シロコ*テラー_花岡ユズ_秤アツコ,1
小鳥遊ホシノ_天童アリス_花岡ユズ_霞沢ミユ_下江コハル,1
狐坂ワカモ_古関ウイ_早瀬ユウカ_花岡ユズ,1
浅黄ムツキ_花岡ユズ,1
棗イロハ_間宵シグレ_天童アリス_花岡ユズ_下江コハル,1
才羽モモイ_天童アリス_花岡ユズ_ケイ(ブルーアーカイブ),1
棗イロハ_花岡ユズ_錠前サオリ,1
一之瀬アスナ_才羽ミドリ_棗イロハ_空崎ヒナ_黒舘ハルナ_花岡ユズ_才羽モモイ,1
秤アツコ_天童アリス_花岡ユズ_梔子ユメ_百合園セイア,1
才羽モモイ_秋泉モミジ_花岡ユズ_ケイ(ブルーアーカイブ),1
空井サキ_花岡ユズ,1
勇美カエデ_阿慈谷ヒフミ_桐藤ナギサ_鷲見セリナ_花岡ユズ,1
秋泉モミジ_歌住サクラコ_間宵シグレ_花岡ユズ_仲正イチカ_鬼怒川カスミ,1
花岡ユズ_天童アリス_鬼怒川カスミ,1
才羽モモイ_才羽ミドリ_花岡ユズ_錠前サオリ,1
霞沢ミユ_合歓垣フブキ_聖園ミカ_花岡ユズ,1
才羽ミドリ_小鳥遊ホシノ_早瀬ユウカ_天童アリス_花岡ユズ_才羽モモイ,1
ケイ(ブルーアーカイブ)_花岡ユズ_仲正イチカ_才羽モモイ_鬼怒川カスミ,1
蒼森ミネ_才羽ミドリ_天童アリス_花岡ユズ_才羽モモイ,1
才羽モモイ_聖園ミカ_花岡ユズ,1
荒槇ヤクモ_天童アリス_花岡ユズ_才羽モモイ_三善タカネ,1
鰐渕アカリ_早瀬ユウカ_花岡ユズ_伊草ハルカ_生塩ノア,1
白石ウタハ_才羽ミドリ_猫塚ヒビキ_天童アリス_花岡ユズ_才羽モモイ,1
美甘ネル_才羽ミドリ_早瀬ユウカ_明星ヒマリ_花岡ユズ_才羽モモイ_飛鳥馬トキ,1
才羽ミドリ_阿慈谷ヒフミ_天童アリス_花岡ユズ_才羽モモイ,1
早瀬ユウカ_才羽モモイ_花岡ユズ,1
小鳥遊ホシノ_砂狼シロコ_天童アリス_花岡ユズ,1
豊見コトリ_天童アリス_花岡ユズ_下江コハル,1
早瀬ユウカ_才羽モモイ_天童アリス_花岡ユズ,1
黒崎コユキ_早瀬ユウカ_天童アリス_花岡ユズ_生塩ノア,1
天童アリス_飛鳥馬トキ_花岡ユズ_清澄アキラ,1
天童アリス_聖園ミカ_花岡ユズ,1
才羽モモイ_黒崎コユキ_花岡ユズ,1
才羽ミドリ_空崎ヒナ_天童アリス_花岡ユズ_霞沢ミユ_才羽モモイ,1
白石ウタハ_花岡ユズ_美甘ネル,1
奥空アヤネ_聖園ミカ_花岡ユズ,1
守月スズミ_伊原木ヨシミ_乙花スミレ_花岡ユズ_飛鳥馬トキ_火宮チナツ,1
才羽モモイ_調月リオ_花岡ユズ_才羽ミドリ,1
美甘ネル_剣先ツルギ_才羽モモイ_花岡ユズ_下江コハル_アロナ(ブルーアーカイブ)_飛鳥馬トキ_三善タカネ,1
花岡ユズ_秋泉モミジ_三善タカネ,1
小鳥遊ホシノ_白洲アズサ_天童アリス_聖園ミカ_花岡ユズ,1
砂狼シロコ_天童アリス_羽川ハスミ_花岡ユズ_下江コハル,1
才羽ミドリ_花岡ユズ_才羽モモイ_古関ウイ_安守ミノリ,1
霞沢ミユ_大野ツクヨ_古関ウイ_花岡ユズ,1
春原シュン(幼女)_花岡ユズ,1
阿慈谷ヒフミ_早瀬ユウカ_花岡ユズ_下江コハル_古関ウイ_久田イズナ_小鈎ハレ,1
浦和ハナコ_花岡ユズ,1
クルミ(ブルーアーカイブ)_歌住サクラコ_天雨アコ_聖園ミカ_花岡ユズ_浦和ハナコ_百合園セイア,1
早瀬ユウカ_美甘ネル_花岡ユズ,1
才羽ミドリ_清澄アキラ_狐坂ワカモ_天童アリス_花岡ユズ_才羽モモイ,1
下江コハル_天童アリス_花岡ユズ,1
聖園ミカ_花岡ユズ,1
室笠アカネ_飛鳥馬トキ_角楯カリン_花岡ユズ,1
和楽チセ_天童アリス_花岡ユズ_錠前サオリ_古関ウイ_百合園セイア,1
早瀬ユウカ_下江コハル_花岡ユズ_プラナ(ブルーアーカイブ),1
美甘ネル_一之瀬アスナ_角楯カリン_天童アリス_花岡ユズ,1
小塗マキ_聖園ミカ_花岡ユズ_鬼方カヨコ,1
才羽ミドリ_黒崎コユキ_早瀬ユウカ_天童アリス_花岡ユズ_才羽モモイ,1
才羽ミドリ_天童アリス_花岡ユズ_プラナ(ブルーアーカイブ)_才羽モモイ_アロナ(ブルーアーカイブ),1
伊落マリー_砂狼シロコ_早瀬ユウカ_猫塚ヒビキ_天童アリス_花岡ユズ_飛鳥馬トキ,1
銀鏡イオリ_天雨アコ_小鳥遊ホシノ_天童アリス_花岡ユズ,1
陸八魔アル_歌住サクラコ_丹花イブキ_花岡ユズ_柚鳥ナツ,1
桐藤ナギサ_空崎ヒナ_聖園ミカ_花岡ユズ_ソラ(ブルーアーカイブ)_百合園セイア,1
小鳥遊ホシノ_砂狼シロコ_花岡ユズ_空崎ヒナ,1
美甘ネル_才羽ミドリ_早瀬ユウカ_空崎ヒナ_天童アリス_花岡ユズ_才羽モモイ,1
槌永ヒヨリ_愛清フウカ_砂狼シロコ_早瀬ユウカ_天童アリス_花岡ユズ_錠前サオリ_霞沢ミユ_春原ココナ,1
小鳥遊ホシノ_一之瀬アスナ_花岡ユズ,1
霞沢ミユ_古関ウイ_花岡ユズ_小鳥遊ホシノ,1
浦和ハナコ_風倉モエ_花岡ユズ_下江コハル,1
花岡ユズ_才羽モモイ_早瀬ユウカ,1
才羽ミドリ_清澄アキラ_聖園ミカ_花岡ユズ_アロナ(ブルーアーカイブ)_飛鳥馬トキ,1
阿慈谷ヒフミ_小鳥遊ホシノ_十六夜ノノミ_花岡ユズ_扇喜アオイ_竜華キサキ,1
才羽ミドリ_桐藤ナギサ_天童アリス_花岡ユズ_才羽モモイ_百合園セイア,1
生塩ノア_花岡ユズ_天童アリス_早瀬ユウカ,1
才羽モモイ_飛鳥馬トキ_才羽ミドリ_花岡ユズ,1
清澄アキラ_早瀬ユウカ_空崎ヒナ_浅黄ムツキ_花岡ユズ_飛鳥馬トキ,1
空崎ヒナ_豊見コトリ_花岡ユズ_春原ココナ_竜華キサキ,1
鷲見セリナ_才羽モモイ_才羽ミドリ_花岡ユズ,1
才羽ミドリ_早瀬ユウカ_天童アリス_花岡ユズ_霞沢ミユ_才羽モモイ,1
才羽ミドリ_早瀬ユウカ_天童アリス_花岡ユズ_才羽モモイ_竜華キサキ,1
才羽ミドリ_天童アリス_明星ヒマリ_花岡ユズ_和泉元エイミ_才羽モモイ_飛鳥馬トキ,1
才羽ミドリ_天童アリス_桑上カホ_花岡ユズ_才羽モモイ_飛鳥馬トキ,1
花岡ユズ_桑上カホ_近衛ミナ_池倉マリナ,1
角楯カリン_桐藤ナギサ_花岡ユズ,1
小鳥遊ホシノ_天童アリス_花岡ユズ_陸八魔アル,1
早瀬ユウカ_天童アリス_明星ヒマリ_花岡ユズ_飛鳥馬トキ,1
才羽モモイ_花岡ユズ_ソラ(ブルーアーカイブ),1
鷲見セリナ_花岡ユズ,1
アロナ(ブルーアーカイブ)_花岡ユズ,1
勇美カエデ_猫塚ヒビキ_天童アリス_桑上カホ_花岡ユズ_伊草ハルカ,1
才羽モモイ_才羽ミドリ_柚鳥ナツ_花岡ユズ,1
天童アリス_花岡ユズ_伊落マリー_由良木モモカ,1
天雨アコ_風倉モエ_花岡ユズ_飛鳥馬トキ,1
伊落マリー_宇沢レイサ_花岡ユズ_アロナ(ブルーアーカイブ)_飛鳥馬トキ_竜華キサキ,1
伊原木ヨシミ_秤アツコ_天童アリス_花岡ユズ_下江コハル_百合園セイア,1
天童アリス_羽川ハスミ_花岡ユズ_霞沢ミユ_古関ウイ,1
下江コハル_美甘ネル_花岡ユズ,1
アロナ(ブルーアーカイブ)_飛鳥馬トキ_花岡ユズ,1
早瀬ユウカ_砂狼シロコ_天童アリス_花岡ユズ,1
宇沢レイサ_桑上カホ_乙花スミレ_鬼方カヨコ_花岡ユズ,1
才羽モモイ_飛鳥馬トキ_花岡ユズ,1
阿慈谷ヒフミ_空崎ヒナ_桑上カホ_花岡ユズ_下江コハル_飛鳥馬トキ_不知火カヤ,1
早瀬ユウカ_天童アリス_花岡ユズ_飛鳥馬トキ_調月リオ,1
浦和ハナコ_中務キリノ_花岡ユズ,1
花岡ユズ_天童アリス_飛鳥馬トキ_清澄アキラ,1
天童アリス_花岡ユズ_春原ココナ_飛鳥馬トキ_古関ウイ_百合園セイア,1
才羽ミドリ_鷲見セリナ_天童アリス_花岡ユズ_才羽モモイ,1
杏山カズサ_薬子サヤ_早瀬ユウカ_花岡ユズ_下江コハル_生塩ノア,1
小鳥遊ホシノ_空崎ヒナ_アロナ(ブルーアーカイブ)_天童アリス_鬼方カヨコ_花岡ユズ_春原ココナ_柚鳥ナツ,1
久田イズナ_花岡ユズ_陸八魔アル,1
岩櫃アユム_花岡ユズ_百合園セイア,1
美甘ネル_尾刃カンナ_プラナ(ブルーアーカイブ)_花岡ユズ_池倉マリナ_アロナ(ブルーアーカイブ),1
才羽ミドリ_黒崎コユキ_秤アツコ_天童アリス_花岡ユズ_下倉メグ_才羽モモイ,1
才羽ミドリ_小鳥遊ホシノ_空崎ヒナ_天童アリス_花岡ユズ_才羽モモイ,1
早瀬ユウカ_天童アリス_花岡ユズ_小鳥遊ホシノ,1
美甘ネル_才羽ミドリ_小鳥遊ホシノ_花岡ユズ_才羽モモイ,1
才羽ミドリ_天童アリス_鬼方カヨコ_花岡ユズ_才羽モモイ,1
早瀬ユウカ_天童アリス_花岡ユズ_ケイ(ブルーアーカイブ),1
鬼方カヨコ_花岡ユズ_陸八魔アル,1
霞沢ミユ_花岡ユズ_秤アツコ,1
才羽ミドリ_小鳥遊ホシノ_天童アリス_聖園ミカ_花岡ユズ_プラナ(ブルーアーカイブ)_才羽モモイ_古関ウイ,1
阿慈谷ヒフミ_棗イロハ_砂狼シロコ_白洲アズサ_桐藤ナギサ_天童アリス_花岡ユズ_霞沢ミユ,1
才羽ミドリ_阿慈谷ヒフミ_桐藤ナギサ_獅子堂イズミ_天童アリス_聖園ミカ_花岡ユズ_才羽モモイ,1
才羽ミドリ_陸八魔アル_天童アリス_花岡ユズ_才羽モモイ_黒見セリカ,1
才羽ミドリ_棗イロハ_砂狼シロコ_獅子堂イズミ_天童アリス_花岡ユズ_才羽モモイ_飛鳥馬トキ,1
花岡ユズ_錠前サオリ,1
伊草ハルカ_花岡ユズ_陸八魔アル,1
才羽ミドリ_赤司ジュンコ_下江コハル_天童アリス_花岡ユズ_才羽モモイ,1
天雨アコ_花岡ユズ,1
白石ウタハ_才羽ミドリ_天童アリス_花岡ユズ_才羽モモイ,1
小鳥遊ホシノ_砂狼シロコ_空崎ヒナ_鬼方カヨコ_花岡ユズ,1
才羽ミドリ_棗イロハ_聖園ミカ_花岡ユズ_竜華キサキ,1
才羽ミドリ_浦和ハナコ_早瀬ユウカ_天童アリス_花岡ユズ_才羽モモイ,1
才羽ミドリ_天童アリス_花岡ユズ_才羽モモイ_ソラ(ブルーアーカイブ),1
才羽モモイ_アロナ(ブルーアーカイブ)_花岡ユズ_サツキ(ブルーアーカイブ),1
狐坂ワカモ_花岡ユズ,1
才羽モモイ_白石ウタハ_才羽ミドリ_花岡ユズ,1
花岡ユズ_尾刃カンナ,1
槌永ヒヨリ_白石ウタハ_伊落マリー_赤司ジュンコ_棗イロハ_春原シュン_花岡ユズ_月雪ミヤコ,1
才羽ミドリ_天童アリス_聖園ミカ_花岡ユズ_才羽モモイ_月雪ミヤコ,1
槌永ヒヨリ_花岡ユズ,1
聖園ミカ_鷲見セリナ_花岡ユズ_秤アツコ,1
槌永ヒヨリ_阿慈谷ヒフミ_小鳥遊ホシノ_花岡ユズ_月雪ミヤコ,1
天童アリス_才羽ミドリ_花岡ユズ_ケイ(ブルーアーカイブ),1
ケイ(ブルーアーカイブ)_天童アリス_花岡ユズ_空崎ヒナ,1
美甘ネル_一之瀬アスナ_室笠アカネ_角楯カリン_猫塚ヒビキ_羽川ハスミ_花岡ユズ,1
早瀬ユウカ_天童アリス_才羽ミドリ_花岡ユズ,1
小鳥遊ホシノ_鬼方カヨコ_花岡ユズ_陸八魔アル,1
秤アツコ_空崎ヒナ_明星ヒマリ_聖園ミカ_花岡ユズ_錠前サオリ_和泉元エイミ_ソラ(ブルーアーカイブ)_百合園セイア,1
伊落マリー_陸八魔アル_棗イロハ_空崎ヒナ_天童アリス_花岡ユズ_下江コハル,1
桐藤ナギサ_天童アリス_聖園ミカ_花岡ユズ_生塩ノア_柚鳥ナツ_百合園セイア,1
阿慈谷ヒフミ_白洲アズサ_下江コハル_天童アリス_花岡ユズ_浦和ハナコ_アロナ(ブルーアーカイブ),1
浅黄ムツキ_花岡ユズ_黒見セリカ,1
柚鳥ナツ_花岡ユズ,1
才羽モモイ_明星ヒマリ_才羽ミドリ_花岡ユズ,1
才羽ミドリ_赤司ジュンコ_天童アリス_花岡ユズ_才羽モモイ,1
美甘ネル_一之瀬アスナ_才羽ミドリ_角楯カリン_天童アリス_花岡ユズ_才羽モモイ_黒見セリカ,1
猫塚ヒビキ_白石ウタハ_花岡ユズ,1
十六夜ノノミ_間宵シグレ_早瀬ユウカ_獅子堂イズミ_聖園ミカ_花岡ユズ_天見ノドカ_霞沢ミユ_下江コハル_久田イズナ,1
室笠アカネ_天雨アコ_各務チヒロ_羽川ハスミ_花岡ユズ_古関ウイ,1
才羽ミドリ_花岡ユズ_才羽モモイ_生塩ノア_調月リオ,1
才羽ミドリ_早瀬ユウカ_天童アリス_聖園ミカ_花岡ユズ_才羽モモイ_古関ウイ,1
美甘ネル_一之瀬アスナ_室笠アカネ_天童アリス_花岡ユズ,1
飛鳥馬トキ_才羽ミドリ_花岡ユズ,1
春日ツバキ_砂狼シロコ_早瀬ユウカ_空崎ヒナ_鬼方カヨコ_花岡ユズ_下江コハル_小鈎ハレ,1
才羽モモイ_生塩ノア_花岡ユズ_百合園セイア,1
杏山カズサ_花岡ユズ,1
黒舘ハルナ_砂狼シロコ_花岡ユズ_陸八魔アル,1
音瀬コタマ_各務チヒロ_花岡ユズ_小塗マキ_小鈎ハレ,1
各務チヒロ_花岡ユズ,1
才羽ミドリ_早瀬ユウカ_春原シュン(幼女)_花岡ユズ_才羽モモイ,1
小鳥遊ホシノ_才羽モモイ_花岡ユズ,1
豊見コトリ_柚鳥ナツ_花岡ユズ,1
天童アリス_花岡ユズ_赤司ジュンコ,1
室笠アカネ_白洲アズサ_河和シズコ_猫塚ヒビキ_花岡ユズ_生塩ノア_古関ウイ,1
黒舘ハルナ_花岡ユズ,1
下江コハル_花岡ユズ,1
才羽ミドリ_花岡ユズ_伊落マリー,1
猫塚ヒビキ_砂狼シロコ_花岡ユズ,1
小塗マキ_銀鏡イオリ_花岡ユズ,1
豊見コトリ_花岡ユズ,1
花岡ユズ_天見ノドカ_阿慈谷ヒフミ,1
天童アリス_アロナ(ブルーアーカイブ)_才羽ミドリ_花岡ユズ,1
陸八魔アル_砂狼シロコ_花岡ユズ_下江コハル_戒野ミサキ,1
砂狼シロコ_鬼方カヨコ_花岡ユズ_陸八魔アル,1
才羽ミドリ_十六夜ノノミ_天童アリス_花岡ユズ_才羽モモイ,1
杏山カズサ_銀鏡イオリ_春日ツバキ_早瀬ユウカ_空崎ヒナ_花岡ユズ_春原ココナ,1
天童アリス_風倉モエ_花岡ユズ_伊落マリー,1
円堂シミコ_十六夜ノノミ_早瀬ユウカ_花岡ユズ_浦和ハナコ,1
一之瀬アスナ_陸八魔アル_剣先ツルギ_風倉モエ_花岡ユズ_火宮チナツ,1
美甘ネル_伊原木ヨシミ_乙花スミレ_花岡ユズ_小塗マキ_火宮チナツ,1
和楽チセ_砂狼シロコ_早瀬ユウカ_猫塚ヒビキ_羽川ハスミ_聖園ミカ_花岡ユズ_下江コハル,1
花岡ユズ_各務チヒロ_早瀬ユウカ_才羽ミドリ,1
一之瀬アスナ_才羽ミドリ_天童アリス_花岡ユズ_才羽モモイ,1
下江コハル_天童アリス_花岡ユズ_白洲アズサ,1
花岡ユズ_秤アツコ,1
蒼森ミネ_伊落マリー_早瀬ユウカ_聖園ミカ_花岡ユズ,1
才羽モモイ_才羽ミドリ_花岡ユズ_下倉メグ,1
美甘ネル_小鳥遊ホシノ_早瀬ユウカ_花岡ユズ_羽沼マコト,1
下江コハル_天童アリス_才羽モモイ_花岡ユズ,1
砂狼シロコ_静山マシロ_花岡ユズ,1
美甘ネル_一之瀬アスナ_才羽ミドリ_天童アリス_花岡ユズ_才羽モモイ,1
愛清フウカ_室笠アカネ_天雨アコ_獅子堂イズミ_黒舘ハルナ_鬼方カヨコ_花岡ユズ_黒見セリカ,1
小鳥遊ホシノ_白洲アズサ_花岡ユズ_空崎ヒナ,1
一之瀬アスナ_花岡ユズ_小鈎ハレ,1
霞沢ミユ_聖園ミカ_花岡ユズ,1
久田イズナ_天童アリス_花岡ユズ,1
槌永ヒヨリ_伊草ハルカ_花岡ユズ_霞沢ミユ_大野ツクヨ_古関ウイ,1
鬼方カヨコ_花岡ユズ_空崎ヒナ,1
愛清フウカ_牛牧ジュリ_天童アリス_花岡ユズ_才羽モモイ,1
角楯カリン_白洲アズサ_花岡ユズ_霞沢ミユ_久田イズナ,1
天雨アコ_七神リン_花岡ユズ_空崎ヒナ,1
大野ツクヨ_花岡ユズ,1
伊草ハルカ_花岡ユズ_霞沢ミユ_大野ツクヨ_古関ウイ,1
伊草ハルカ_古関ウイ_霞沢ミユ_花岡ユズ,1
天童アリス_浅黄ムツキ_花岡ユズ_陸八魔アル,1
早瀬ユウカ_花岡ユズ_下倉メグ_阿慈谷ヒフミ,1
銀鏡イオリ_花岡ユズ,1
才羽モモイ_アロナ(ブルーアーカイブ)_才羽ミドリ_花岡ユズ,1
一之瀬アスナ_花岡ユズ,1
才羽ミドリ_砂狼シロコ_天童アリス_花岡ユズ_才羽モモイ,1
若葉ヒナタ_花岡ユズ_春原シュン_古関ウイ_氷室セナ,1
浦和ハナコ_才羽ミドリ_花岡ユズ,1
美甘ネル_浅黄ムツキ_花岡ユズ,1
陸八魔アル_阿慈谷ヒフミ_砂狼シロコ_花岡ユズ_柚鳥ナツ,1
才羽ミドリ_陸八魔アル_猫塚ヒビキ_天童アリス_浅黄ムツキ_鬼方カヨコ_花岡ユズ_伊草ハルカ_才羽モモイ,1
天童アリス_連河チェリノ_花岡ユズ_美甘ネル,1
天童アリス_花岡ユズ_アロナ(ブルーアーカイブ)_春原シュン,1
和泉元エイミ_久田イズナ_花岡ユズ,1
美甘ネル_黒舘ハルナ_花岡ユズ_下江コハル_柚鳥ナツ,1
砂狼シロコ_早瀬ユウカ_天童アリス_花岡ユズ_才羽モモイ,1
和楽チセ_花岡ユズ_天童アリス_早瀬ユウカ,1
春日ツバキ_角楯カリン_花岡ユズ,1
天童アリス_砂狼シロコ_花岡ユズ,1
小鳥遊ホシノ_天童アリス_浅黄ムツキ_花岡ユズ_下江コハル_柚鳥ナツ_ソラ(ブルーアーカイブ),1
小鳥遊ホシノ_天童アリス_砂狼シロコ_花岡ユズ,1
才羽モモイ_花岡ユズ_伊草ハルカ_下江コハル_アロナ(ブルーアーカイブ),1
若葉ヒナタ_小鳥遊ホシノ_豊見コトリ_花岡ユズ_連河チェリノ_久田イズナ,1
銀鏡イオリ_鬼方カヨコ_花岡ユズ_陸八魔アル,1
浅黄ムツキ_室笠アカネ_花岡ユズ_安守ミノリ,1
伊落マリー_砂狼シロコ_天童アリス_聖園ミカ_花岡ユズ_小塗マキ,1
才羽ミドリ_小鳥遊ホシノ_砂狼シロコ_早瀬ユウカ_天童アリス_花岡ユズ_才羽モモイ_アロナ(ブルーアーカイブ),1
才羽ミドリ_間宵シグレ_天童アリス_花岡ユズ_天見ノドカ_才羽モモイ,1
天童アリス_美甘ネル_花岡ユズ,1
アロナ(ブルーアーカイブ)_天童アリス_美甘ネル_花岡ユズ,1
美甘ネル_阿慈谷ヒフミ_空崎ヒナ_鬼方カヨコ_花岡ユズ_下江コハル,1
早瀬ユウカ_獅子堂イズミ_連河チェリノ_花岡ユズ_和泉元エイミ_久田イズナ,1
小鳥遊ホシノ_鬼方カヨコ_花岡ユズ_春原シュン_アロナ(ブルーアーカイブ),1
伊原木ヨシミ_花岡ユズ,1
美甘ネル_春日ツバキ_砂狼シロコ_花岡ユズ_火宮チナツ,1
花岡ユズ_銀鏡イオリ_早瀬ユウカ,1
春原シュン(幼女)_アロナ(ブルーアーカイブ)_花岡ユズ_春原シュン,1
佐城トモエ_早瀬ユウカ_空崎ヒナ_豊見コトリ_聖園ミカ_花岡ユズ_アロナ(ブルーアーカイブ)_小鈎ハレ,1
花岡ユズ_伊原木ヨシミ,1
美甘ネル_才羽ミドリ_十六夜ノノミ_小鳥遊ホシノ_河和シズコ_浅黄ムツキ_花岡ユズ_連河チェリノ_黒見セリカ,1
薬子サヤ_小鳥遊ホシノ_白洲アズサ_空崎ヒナ_花岡ユズ_天見ノドカ_下江コハル,1
小鳥遊ホシノ_下江コハル_花岡ユズ,1
才羽モモイ_鷲見セリナ_愛清フウカ_花岡ユズ,1
才羽ミドリ_伊原木ヨシミ_間宵シグレ_鷲見セリナ_早瀬ユウカ_天童アリス_花岡ユズ_天見ノドカ_才羽モモイ,1
砂狼シロコ_空崎ヒナ_花岡ユズ_阿慈谷ヒフミ,1
才羽ミドリ_音瀬コタマ_早瀬ユウカ_天童アリス_花岡ユズ_小塗マキ_才羽モモイ,1
阿慈谷ヒフミ_美甘ネル_花岡ユズ_空崎ヒナ,1
才羽ミドリ_早瀬ユウカ_天童アリス_花岡ユズ_小塗マキ_才羽モモイ_小鈎ハレ,1
才羽モモイ_才羽ミドリ_花岡ユズ_連河チェリノ,1
銀鏡イオリ_才羽ミドリ_空崎ヒナ_天童アリス_花岡ユズ_才羽モモイ_火宮チナツ,1
才羽モモイ_才羽ミドリ_下江コハル_阿慈谷ヒフミ,1
才羽モモイ_伊落マリー_阿慈谷ヒフミ,1
才羽モモイ_黒崎コユキ_飛鳥馬トキ_早瀬ユウカ,1
才羽モモイ_桐藤ナギサ,1
才羽モモイ_天童アリス_砂狼シロコ_十六夜ノノミ,1
才羽モモイ_古関ウイ,1
才羽モモイ_蒼森ミネ_才羽ミドリ_早瀬ユウカ,1
才羽モモイ_才羽ミドリ_鬼方カヨコ_下倉メグ,1
才羽モモイ_美甘ネル_角楯カリン,1
生塩ノア_才羽モモイ_天童アリス_早瀬ユウカ,1
才羽モモイ_美甘ネル,1
才羽モモイ_天童アリス_銀鏡イオリ_才羽ミドリ,1
小鳥遊ホシノ_砂狼シロコ_天童アリス_才羽モモイ,1
橘ノゾミ_才羽ミドリ_小鳥遊ホシノ_合歓垣フブキ_砂狼シロコ_間宵シグレ_才羽モモイ,1
才羽モモイ_天童アリス_早瀬ユウカ_下江コハル,1
才羽モモイ_ニヤニヤ教授_才羽ミドリ,1
才羽モモイ_天童アリス_室笠アカネ_美甘ネル,1
美甘ネル_一之瀬アスナ_才羽ミドリ_室笠アカネ_才羽モモイ,1
才羽モモイ_角楯カリン_ソラ(ブルーアーカイブ),1
才羽モモイ_飛鳥馬トキ_調月リオ_才羽ミドリ,1
白石ウタハ_才羽ミドリ_秋泉モミジ_丹花イブキ_才羽モモイ,1
尾刃カンナ_小鳥遊ホシノ_天雨アコ_黒崎コユキ_聖園ミカ_才羽モモイ,1
才羽ミドリ_清澄アキラ_天童アリス_才羽モモイ_飛鳥馬トキ,1
才羽モモイ_早瀬ユウカ_陸八魔アル,1
才羽ミドリ_早瀬ユウカ_天童アリス_才羽モモイ_調月リオ,1
才羽モモイ_聖園ミカ_早瀬ユウカ_清澄アキラ,1
才羽モモイ_天童アリス_ニヤニヤ教授_才羽ミドリ,1
才羽モモイ_春原シュン(幼女),1
猫塚ヒビキ_豊見コトリ_白石ウタハ_才羽モモイ,1
合歓垣フブキ_スモモ(ブルーアーカイブ)_才羽モモイ_由良木モモカ_箭吹シュロ_百合園セイア,1
才羽モモイ_才羽ミドリ_竜華キサキ,1
才羽モモイ_天童アリス_銀鏡イオリ_角楯カリン,1
尾刃カンナ_小鳥遊ホシノ_早瀬ユウカ_空崎ヒナ_霞沢ミユ_才羽モモイ_小鈎ハレ,1
陸八魔アル_天雨アコ_砂狼シロコ_才羽モモイ_月雪ミヤコ,1
才羽モモイ_銀鏡イオリ_聖園ミカ_錠前サオリ,1
小鳥遊ホシノ_天童アリス_聖園ミカ_才羽モモイ_アロナ(ブルーアーカイブ),1
才羽ミドリ_早瀬ユウカ_下江コハル_丹花イブキ_才羽モモイ_浦和ハナコ,1
天雨アコ_才羽モモイ_空崎ヒナ,1
和泉元エイミ_才羽モモイ_聖園ミカ,1
天雨アコ_才羽モモイ_天童アリス_空崎ヒナ,1
才羽モモイ_鷲見セリナ,1
生塩ノア_才羽モモイ_黒崎コユキ_早瀬ユウカ,1
才羽モモイ_下江コハル_百合園セイア,1
才羽モモイ_天童アリス_小鈎ハレ,1
天雨アコ_才羽モモイ_才羽ミドリ_杏山カズサ,1
伊落マリー_三善タカネ_仲正イチカ_霞沢ミユ_才羽モモイ_箭吹シュロ_小鈎ハレ,1
才羽モモイ_天童アリス_風倉モエ,1
才羽ミドリ_早瀬ユウカ_天童アリス_才羽モモイ_生塩ノア_飛鳥馬トキ,1
才羽モモイ_月雪ミヤコ_才羽ミドリ,1
和泉元エイミ_才羽モモイ_天童アリス_才羽ミドリ,1
小鳥遊ホシノ_才羽モモイ_ケイ(ブルーアーカイブ),1
天童アリス_才羽モモイ_生塩ノア_早瀬ユウカ,1
才羽モモイ_クルミ(ブルーアーカイブ)_箭吹シュロ_伊落マリー,1
才羽ミドリ_合歓垣フブキ_ケイ(ブルーアーカイブ)_天童アリス_才羽モモイ_黒見セリカ,1
才羽モモイ_河駒風ラブ,1
才羽ミドリ_早瀬ユウカ_空崎ヒナ_鬼方カヨコ_才羽モモイ_小鈎ハレ,1
合歓垣フブキ_才羽モモイ_中務キリノ_ケイ(ブルーアーカイブ),1
才羽モモイ_才羽ミドリ_中務キリノ,1
小鳥遊ホシノ_才羽モモイ_空崎ヒナ,1
小鳥遊ホシノ_才羽モモイ_宇沢レイサ,1
槌永ヒヨリ_尾刃カンナ_空崎ヒナ_才羽モモイ_霞沢ミユ_牛牧ジュリ,1
才羽モモイ_尾刃カンナ,1
勇美カエデ_才羽ミドリ_阿慈谷ヒフミ_小鳥遊ホシノ_霞沢ミユ_才羽モモイ_小鈎ハレ,1
不破レンゲ_室笠アカネ_才羽ミドリ_鷲見セリナ_才羽モモイ_三善タカネ,1
棗イロハ_桐藤ナギサ_ケイ(ブルーアーカイブ)_天童アリス_聖園ミカ_才羽モモイ_不知火カヤ,1
一之瀬アスナ_夜桜キララ_天童アリス_聖園ミカ_月雪ミヤコ_才羽モモイ_春原ココナ_竜華キサキ,1
才羽ミドリ_黒崎コユキ_早瀬ユウカ_才羽モモイ_生塩ノア,1
才羽モモイ_天童アリス_聖園ミカ_才羽ミドリ,1
才羽ミドリ_砂狼シロコ_桐生キキョウ_聖園ミカ_才羽モモイ,1
才羽モモイ_羽川ハスミ_朝顔ハナエ,1
杏山カズサ_才羽モモイ_早瀬ユウカ_桐生キキョウ,1
才羽モモイ_才羽ミドリ_早瀬ユウカ_十六夜ノノミ,1
歌住サクラコ_小鳥遊ホシノ_奥空アヤネ_才羽モモイ_生塩ノア_オトギ(ブルーアーカイブ)_黒見セリカ,1
才羽ミドリ_早瀬ユウカ_天童アリス_才羽モモイ_生塩ノア,1
勘解由小路ユカリ_伊落マリー_砂狼シロコ_宇沢レイサ_天童アリス_鬼方カヨコ_連河チェリノ_才羽モモイ,1
才羽ミドリ_早瀬ユウカ_天童アリス_才羽モモイ_生塩ノア_調月リオ,1
黒崎コユキ_早瀬ユウカ_鬼方カヨコ_伊草ハルカ_才羽モモイ_春原ココナ_黒見セリカ,1
才羽ミドリ_小鳥遊ホシノ_空崎ヒナ_プラナ(ブルーアーカイブ)_才羽モモイ,1
才羽ミドリ_白洲アズサ_聖園ミカ_才羽モモイ_黒見セリカ,1
小鳥遊ホシノ_才羽モモイ_才羽ミドリ_梔子ユメ,1
才羽モモイ_飛鳥馬トキ_調月リオ,1
伊草ハルカ_才羽モモイ_浅黄ムツキ,1
伊落マリー_早瀬ユウカ_天童アリス_明星ヒマリ_才羽モモイ,1
美甘ネル_一之瀬アスナ_才羽ミドリ_剣先ツルギ_才羽モモイ,1
杏山カズサ_才羽ミドリ_十六夜ノノミ_天雨アコ_空井サキ_朝顔ハナエ_才羽モモイ_春原ココナ,1
才羽モモイ_扇喜アオイ,1
天童アリス_才羽モモイ_黒崎コユキ,1
才羽モモイ_天童アリス_才羽ミドリ_調月リオ,1
才羽ミドリ_天雨アコ_鷲見セリナ_天童アリス_才羽モモイ,1
才羽モモイ_尾刃カンナ_不知火カヤ,1
才羽モモイ_銀鏡イオリ_才羽ミドリ_角楯カリン,1
才羽ミドリ_聖園ミカ_霞沢ミユ_才羽モモイ_百合園セイア,1
才羽モモイ_浅黄ムツキ_古関ウイ,1
才羽モモイ_秤アツコ,1
才羽ミドリ_小鳥遊ホシノ_早瀬ユウカ_梔子ユメ_才羽モモイ_調月リオ,1
才羽モモイ_浅黄ムツキ_鬼方カヨコ_尾刃カンナ,1
才羽モモイ_月雪ミヤコ_桐藤ナギサ_才羽ミドリ,1
勘解由小路ユカリ_不破レンゲ_才羽ミドリ_桐生キキョウ_才羽モモイ,1
河和シズコ_才羽モモイ_春日ツバキ,1
白石ウタハ_銀鏡イオリ_才羽ミドリ_聖園ミカ_伊草ハルカ_才羽モモイ,1
才羽モモイ_砂狼シロコ_才羽ミドリ,1
才羽モモイ_古関ウイ_桐藤ナギサ_中務キリノ,1
美甘ネル_一之瀬アスナ_才羽ミドリ_阿慈谷ヒフミ_小鳥遊ホシノ_浅黄ムツキ_才羽モモイ,1
才羽ミドリ_桐生キキョウ_伊草ハルカ_才羽モモイ_羽沼マコト,1
才羽モモイ_七神リン,1
合歓垣フブキ_才羽モモイ_中務キリノ_伊落マリー,1
御稜ナグサ_銀鏡イオリ_才羽モモイ_下江コハル,1
才羽モモイ_聖園ミカ_下江コハル_阿慈谷ヒフミ,1
才羽モモイ_天童アリス_早瀬ユウカ_羽沼マコト,1
コクリコ(ブルーアーカイブ)_才羽モモイ_箭吹シュロ,1
才羽モモイ_陸八魔アル,1
下江コハル_小鈎ハレ_聖園ミカ_才羽モモイ,1
才羽モモイ_浅黄ムツキ_明星ヒマリ_才羽ミドリ,1
小鳥遊ホシノ_才羽モモイ_調月リオ_早瀬ユウカ,1
黒崎コユキ_早瀬ユウカ_天童アリス_和泉元エイミ_才羽モモイ_生塩ノア,1
杏山カズサ_才羽ミドリ_阿慈谷ヒフミ_宇沢レイサ_才羽モモイ_飛鳥馬トキ,1
才羽モモイ_砂狼シロコ_小鈎ハレ,1
銀鏡イオリ_春日ツバキ_聖園ミカ_小塗マキ_才羽モモイ,1
才羽モモイ_黒崎コユキ_才羽ミドリ,1
才羽モモイ_浅黄ムツキ_陸八魔アル_空崎ヒナ,1
才羽ミドリ_小鳥遊ホシノ_早瀬ユウカ_才羽モモイ_下江コハル,1
美甘ネル_一之瀬アスナ_室笠アカネ_角楯カリン_才羽ミドリ_才羽モモイ_飛鳥馬トキ_調月リオ,1
砂狼シロコ_早瀬ユウカ_丹花イブキ_天童アリス_聖園ミカ_才羽モモイ_飛鳥馬トキ_竜華キサキ,1
朱城ルミ_朝比奈フィーナ_早瀬ユウカ_河和シズコ_里浜ウミカ_才羽モモイ_月雪ミヤコ_氷室セナ,1
才羽モモイ_ソフ(ブルーアーカイブ),1
春日ツバキ_合歓垣フブキ_桐生キキョウ_里浜ウミカ_才羽モモイ_春原ココナ,1
才羽モモイ_天童アリス_各務チヒロ_早瀬ユウカ,1
才羽モモイ_箭吹シュロ_才羽ミドリ_下江コハル,1
下江コハル_阿慈谷ヒフミ_聖園ミカ_才羽モモイ,1
黒見セリカ_才羽モモイ_才羽ミドリ_鬼方カヨコ,1
才羽モモイ_天童アリス_宇沢レイサ_赤司ジュンコ,1
才羽ミドリ_伊落マリー_小鳥遊ホシノ_宇沢レイサ_空崎ヒナ_天童アリス_才羽モモイ_久田イズナ,1
才羽ミドリ_陸八魔アル_歌住サクラコ_聖園ミカ_朝顔ハナエ_和泉元エイミ_才羽モモイ,1
清澄アキラ_浅黄ムツキ_聖園ミカ_才羽モモイ_飛鳥馬トキ,1
才羽モモイ_鬼方カヨコ_早瀬ユウカ,1
才羽ミドリ_早瀬ユウカ_空崎ヒナ_天童アリス_仲正イチカ_才羽モモイ,1
伊草ハルカ_才羽モモイ_宇沢レイサ_才羽ミドリ,1
才羽モモイ_鬼怒川カスミ_才羽ミドリ_早瀬ユウカ,1
才羽モモイ_美甘ネル_調月リオ_早瀬ユウカ,1
小塗マキ_才羽モモイ,1
才羽ミドリ_陸八魔アル_小鳥遊ホシノ_天童アリス_鬼方カヨコ_才羽モモイ,1
丹花イブキ_愛清フウカ_才羽モモイ,1
才羽ミドリ_小鳥遊ホシノ_宇沢レイサ_空崎ヒナ_才羽モモイ_柚鳥ナツ,1
才羽ミドリ_中務キリノ_早瀬ユウカ_猫塚ヒビキ_才羽モモイ,1
宇沢レイサ_下江コハル_丹花イブキ_梔子ユメ_才羽モモイ,1
才羽モモイ_シロコ*テラー_才羽ミドリ_空崎ヒナ,1
合歓垣フブキ_才羽モモイ_箭吹シュロ,1
才羽モモイ_アロナ(ブルーアーカイブ)_鬼方カヨコ_プラナ(ブルーアーカイブ),1
才羽モモイ_黒崎コユキ_扇喜アオイ_早瀬ユウカ,1
下江コハル_天童アリス_才羽モモイ_才羽ミドリ,1
才羽モモイ_生塩ノア_早瀬ユウカ_黒崎コユキ,1
才羽ミドリ_下江コハル_空崎ヒナ_丹花イブキ_浅黄ムツキ_才羽モモイ,1
杏山カズサ_槌永ヒヨリ_伊原木ヨシミ_伊草ハルカ_才羽モモイ_小塗マキ,1
才羽モモイ_早瀬ユウカ_仲正イチカ,1
陸八魔アル_天雨アコ_黒崎コユキ_狐坂ワカモ_浅黄ムツキ_鬼方カヨコ_伊草ハルカ_才羽モモイ,1
小塗マキ_才羽モモイ_才羽ミドリ_竜華キサキ,1
才羽モモイ_才羽ミドリ_ソラ(ブルーアーカイブ),1
才羽モモイ_砂狼シロコ_歌住サクラコ,1
才羽モモイ_天童アリス_飛鳥馬トキ_美甘ネル,1
才羽モモイ_阿慈谷ヒフミ_百合園セイア,1
槌永ヒヨリ_棗イロハ_合歓垣フブキ_桐藤ナギサ_才羽モモイ,1
小鳥遊ホシノ_才羽モモイ_才羽ミドリ_早瀬ユウカ,1
才羽ミドリ_小鳥遊ホシノ_アイン(ブルーアーカイブ)_才羽モモイ_下江コハル_箭吹シュロ,1
杏山カズサ_勘解由小路ユカリ_宇沢レイサ_空崎ヒナ_桐生キキョウ_才羽モモイ,1
小鳥遊ホシノ_才羽モモイ_聖園ミカ_錠前サオリ,1
才羽モモイ_梔子ユメ,1
才羽モモイ_天童アリス_白石ウタハ,1
小鳥遊ホシノ_才羽モモイ_早瀬ユウカ_梔子ユメ,1
和泉元エイミ_才羽モモイ_下江コハル,1
杏山カズサ_槌永ヒヨリ_小鳥遊ホシノ_砂狼シロコ_才羽モモイ_七神リン_羽沼マコト,1
小鳥遊ホシノ_才羽モモイ_明星ヒマリ_梔子ユメ,1
才羽ミドリ_天童アリス_明星ヒマリ_才羽モモイ_飛鳥馬トキ,1
小鳥遊ホシノ_浦和ハナコ_砂狼シロコ_天童アリス_才羽モモイ_下江コハル,1
小鳥遊ホシノ_砂狼シロコ_天童アリス_才羽モモイ_安守ミノリ,1
伊草ハルカ_才羽モモイ_剣先ツルギ_姫木メル,1
才羽モモイ_白石ウタハ,1
才羽モモイ_砂狼シロコ,1
才羽モモイ_月雪ミヤコ_才羽ミドリ_ソラ(ブルーアーカイブ),1
黒崎コユキ_早瀬ユウカ_天童アリス_才羽モモイ_飛鳥馬トキ,1
才羽モモイ_春原ココナ_才羽ミドリ_春原シュン(幼女),1
豊見コトリ_月雪ミヤコ_才羽モモイ_才羽ミドリ,1
才羽ミドリ_尾刃カンナ_小鳥遊ホシノ_桐生キキョウ_才羽モモイ_扇喜アオイ_鬼怒川カスミ_竜華キサキ,1
尾刃カンナ_十六夜ノノミ_連河チェリノ_才羽モモイ_由良木モモカ_ソラ(ブルーアーカイブ),1
浦和ハナコ_下江コハル_才羽モモイ_才羽ミドリ,1
才羽ミドリ_小鳥遊ホシノ_天雨アコ_白洲アズサ_才羽モモイ_柚鳥ナツ,1
才羽モモイ_黒崎コユキ_聖園ミカ,1
勘解由小路ユカリ_才羽モモイ_天童アリス_才羽ミドリ,1
小塗マキ_才羽モモイ_浅黄ムツキ,1
伊原木ヨシミ_小鳥遊ホシノ_棗イロハ_天童アリス_才羽モモイ_浦和ハナコ_小鈎ハレ_百合園セイア,1
杏山カズサ_才羽モモイ_美甘ネル_才羽ミドリ,1
美甘ネル_才羽ミドリ_剣先ツルギ_桐藤ナギサ_天童アリス_才羽モモイ_久田イズナ_アロナ(ブルーアーカイブ),1
才羽ミドリ_各務チヒロ_天童アリス_錠前サオリ_才羽モモイ,1
尾刃カンナ_陸八魔アル_砂狼シロコ_早瀬ユウカ_才羽モモイ_浦和ハナコ_調月リオ,1
鰐渕アカリ_才羽ミドリ_明星ヒマリ_羽川ハスミ_才羽モモイ_柚鳥ナツ,1
黒舘ハルナ_才羽モモイ_才羽ミドリ,1
陸八魔アル_ケイ(ブルーアーカイブ)_空崎ヒナ_才羽モモイ_アロナ(ブルーアーカイブ),1
才羽モモイ_白洲アズサ,1
小塗マキ_才羽モモイ_才羽ミドリ,1
小鳥遊ホシノ_才羽モモイ_柚鳥ナツ,1
早瀬ユウカ_才羽モモイ_柚鳥ナツ,1
杏山カズサ_各務チヒロ_宇沢レイサ_小塗マキ_才羽モモイ,1
小鳥遊ホシノ_才羽モモイ_天童アリス_ケイ(ブルーアーカイブ),1
才羽モモイ_箭吹シュロ,1
美甘ネル_才羽ミドリ_尾刃カンナ_朱城ルミ_羽川ハスミ_錠前サオリ_才羽モモイ,1
愛清フウカ_才羽ミドリ_早瀬ユウカ_空崎ヒナ_才羽モモイ,1
杏山カズサ_才羽ミドリ_桐生キキョウ_才羽モモイ_黒見セリカ,1
小鳥遊ホシノ_才羽モモイ_早瀬ユウカ_姫木メル,1
白石ウタハ_美甘ネル_早瀬ユウカ_天童アリス_才羽モモイ_小鈎ハレ,1
才羽モモイ_砂狼シロコ_十六夜ノノミ,1
才羽ミドリ_砂狼シロコ_早瀬ユウカ_仲正イチカ_才羽モモイ_アロナ(ブルーアーカイブ),1
美甘ネル_小鳥遊ホシノ_合歓垣フブキ_棗イロハ_天童アリス_才羽モモイ,1
天童アリス_才羽モモイ_乙花スミレ_才羽ミドリ,1
才羽ミドリ_十六夜ノノミ_白洲アズサ_早瀬ユウカ_錠前サオリ_才羽モモイ_生塩ノア,1
白石ウタハ_才羽ミドリ_早瀬ユウカ_天童アリス_才羽モモイ,1
阿慈谷ヒフミ_小鳥遊ホシノ_白洲アズサ_空崎ヒナ_ケイ(ブルーアーカイブ)_才羽モモイ,1
才羽モモイ_黒崎コユキ_才羽ミドリ_早瀬ユウカ,1
才羽モモイ_白洲アズサ_桐藤ナギサ_才羽ミドリ,1
才羽ミドリ_早瀬ユウカ_天童アリス_明星ヒマリ_和泉元エイミ_才羽モモイ,1
才羽モモイ_天童アリス_角楯カリン,1
才羽ミドリ_間宵シグレ_早瀬ユウカ_秤アツコ_鬼方カヨコ_才羽モモイ_古関ウイ_鬼怒川カスミ,1
霞沢ミユ_才羽モモイ,1
才羽ミドリ_小鳥遊ホシノ_砂狼シロコ_天童アリス_才羽モモイ,1
才羽モモイ_才羽ミドリ_秋泉モミジ_姫木メル,1
才羽ミドリ_天童アリス_明星ヒマリ_和泉元エイミ_才羽モモイ,1
才羽モモイ_久田イズナ,1
才羽モモイ_天童アリス_梔子ユメ_不知火カヤ,1
才羽モモイ_竜華キサキ_プラナ(ブルーアーカイブ),1
棗イロハ_才羽モモイ,1
猫塚ヒビキ_才羽モモイ_春原ココナ,1
才羽ミドリ_朱城ルミ_才羽モモイ_月雪ミヤコ_鬼怒川カスミ_竜華キサキ,1
黒舘ハルナ_才羽モモイ_明星ヒマリ_早瀬ユウカ,1
才羽モモイ_早瀬ユウカ_小鈎ハレ,1
才羽モモイ_空井サキ_才羽ミドリ_久田イズナ,1
才羽ミドリ_早瀬ユウカ_猫塚ヒビキ_豊見コトリ_才羽モモイ_生塩ノア,1
才羽モモイ_飛鳥馬トキ_早瀬ユウカ,1
銀鏡イオリ_才羽ミドリ_仲正イチカ_才羽モモイ_百合園セイア,1
小塗マキ_才羽モモイ_空井サキ_早瀬ユウカ,1
才羽ミドリ_阿慈谷ヒフミ_白洲アズサ_各務チヒロ_早瀬ユウカ_下江コハル_聖園ミカ_才羽モモイ_姫木メル,1
才羽モモイ_愛清フウカ,1
才羽モモイ_仲正イチカ_浦和ハナコ_鬼怒川カスミ_不知火カヤ,1
槌永ヒヨリ_一之瀬アスナ_早瀬ユウカ_猫塚ヒビキ_羽川ハスミ_才羽モモイ,1
才羽モモイ_奥空アヤネ_才羽ミドリ,1
才羽モモイ_桐藤ナギサ_聖園ミカ,1
伊落マリー_陸八魔アル_風倉モエ_早瀬ユウカ_黒舘ハルナ_天童アリス_才羽モモイ,1
才羽ミドリ_伊落マリー_阿慈谷ヒフミ_才羽モモイ_久田イズナ,1
才羽モモイ_明星ヒマリ_才羽ミドリ_調月リオ,1
才羽モモイ_天童アリス_才羽ミドリ_黒崎コユキ,1
才羽モモイ_聖園ミカ_才羽ミドリ,1
杏山カズサ_荒槇ヤクモ_鬼方カヨコ_才羽モモイ_生塩ノア_飛鳥馬トキ_柚鳥ナツ_小鈎ハレ,1
和楽チセ_才羽モモイ_天雨アコ,1
小鳥遊ホシノ_音瀬コタマ_空崎ヒナ_浅黄ムツキ_聖園ミカ_才羽モモイ_春原ココナ,1
一之瀬アスナ_才羽ミドリ_小鳥遊ホシノ_早瀬ユウカ_才羽モモイ_飛鳥馬トキ,1
才羽モモイ_空井サキ_聖園ミカ,1
アロナ(ブルーアーカイブ)_天童アリス_プラナ(ブルーアーカイブ)_才羽モモイ_春原ココナ,1
才羽モモイ_天童アリス_プラナ(ブルーアーカイブ),1
下江コハル_砂狼シロコ_飛鳥馬トキ_才羽モモイ,1
杏山カズサ_風倉モエ_才羽モモイ_下江コハル_飛鳥馬トキ,1
霞沢ミユ_才羽モモイ_才羽ミドリ_陸八魔アル,1
才羽モモイ_才羽ミドリ_秋泉モミジ,1
杏山カズサ_才羽モモイ,1
才羽モモイ_天童アリス_聖園ミカ,1
才羽ミドリ_砂狼シロコ_天童アリス_プラナ(ブルーアーカイブ)_才羽モモイ_アロナ(ブルーアーカイブ),1
伊落マリー_空崎ヒナ_天童アリス_霞沢ミユ_才羽モモイ,1
砂狼シロコ_天童アリス_錠前サオリ_才羽モモイ_古関ウイ,1
陸八魔アル_十六夜ノノミ_小鳥遊ホシノ_砂狼シロコ_才羽モモイ_浦和ハナコ_古関ウイ_黒見セリカ,1
陸八魔アル_天雨アコ_浦和ハナコ_下江コハル_空崎ヒナ_天童アリス_聖園ミカ_伊草ハルカ_才羽モモイ,1
歌住サクラコ_天雨アコ_下江コハル_聖園ミカ_才羽モモイ_浦和ハナコ_百合園セイア,1
愛清フウカ_才羽ミドリ_歌住サクラコ_小鳥遊ホシノ_下江コハル_才羽モモイ_飛鳥馬トキ,1
才羽モモイ_天童アリス_才羽ミドリ_中務キリノ,1
鷲見セリナ_下江コハル_聖園ミカ_才羽モモイ_百合園セイア,1
才羽モモイ_才羽ミドリ_不知火カヤ,1
十六夜ノノミ_小鳥遊ホシノ_阿慈谷ヒフミ_砂狼シロコ_秤アツコ_才羽モモイ_アロナ(ブルーアーカイブ)_飛鳥馬トキ,1
銀鏡イオリ_桐藤ナギサ_聖園ミカ_小塗マキ_才羽モモイ,1
浦和ハナコ_才羽モモイ_才羽ミドリ,1
才羽ミドリ_早瀬ユウカ_鬼方カヨコ_才羽モモイ_生塩ノア,1
才羽モモイ_下江コハル_小鈎ハレ,1
和楽チセ_砂狼シロコ_早瀬ユウカ_才羽モモイ_アロナ(ブルーアーカイブ),1
杏山カズサ_小鳥遊ホシノ_砂狼シロコ_プラナ(ブルーアーカイブ)_才羽モモイ_春原ココナ_扇喜アオイ,1
才羽モモイ_天童アリス_才羽ミドリ_聖園ミカ,1
春日ツバキ_才羽ミドリ_尾刃カンナ_下江コハル_空井サキ_霞沢ミユ_才羽モモイ_久田イズナ,1
才羽モモイ_宇沢レイサ_鷲見セリナ,1
陸八魔アル_小鳥遊ホシノ_合歓垣フブキ_天童アリス_浅黄ムツキ_才羽モモイ_月雪ミヤコ_柚鳥ナツ,1
一之瀬アスナ_陸八魔アル_砂狼シロコ_白洲アズサ_下江コハル_才羽モモイ,1
才羽ミドリ_小鳥遊ホシノ_宇沢レイサ_ニコ(ブルーアーカイブ)_聖園ミカ_才羽モモイ_月雪ミヤコ_百合園セイア,1
才羽ミドリ_天雨アコ_早瀬ユウカ_天童アリス_才羽モモイ_生塩ノア,1
阿慈谷ヒフミ_下江コハル_才羽モモイ_調月リオ_不知火カヤ,1
合歓垣フブキ_月雪ミヤコ_間宵シグレ_才羽モモイ,1
才羽モモイ_桐藤ナギサ_才羽ミドリ,1
尾刃カンナ_陸八魔アル_中務キリノ_空崎ヒナ_天童アリス_才羽モモイ,1
才羽ミドリ_阿慈谷ヒフミ_間宵シグレ_宇沢レイサ_秤アツコ_天見ノドカ_才羽モモイ,1
小塗マキ_才羽モモイ_小鈎ハレ,1
美甘ネル_一之瀬アスナ_才羽ミドリ_天童アリス_才羽モモイ_飛鳥馬トキ,1
浦和ハナコ_黒崎コユキ_才羽モモイ_下江コハル,1
才羽モモイ_生塩ノア_七神リン,1
猫塚ヒビキ_才羽モモイ_才羽ミドリ_早瀬ユウカ,1
霞沢ミユ_才羽モモイ_才羽ミドリ,1
美甘ネル_才羽ミドリ_早瀬ユウカ_空崎ヒナ_天童アリス_浅黄ムツキ_才羽モモイ_生塩ノア,1
銀鏡イオリ_陸八魔アル_黒崎コユキ_猫塚ヒビキ_黒舘ハルナ_天童アリス_才羽モモイ_竜華キサキ,1
阿慈谷ヒフミ_天雨アコ_小鳥遊ホシノ_才羽モモイ_百合園セイア,1
才羽モモイ_風倉モエ,1
和泉元エイミ_才羽モモイ_天童アリス_明星ヒマリ,1
才羽ミドリ_間宵シグレ_天童アリス_才羽モモイ_春原ココナ,1
和楽チセ_才羽モモイ_天童アリス_早瀬ユウカ,1
和楽チセ_才羽モモイ,1
伊草ハルカ_才羽モモイ_棗イロハ,1
才羽ミドリ_宇沢レイサ_桑上カホ_才羽モモイ_小鈎ハレ,1
杏山カズサ_才羽モモイ_聖園ミカ,1
美甘ネル_才羽ミドリ_白洲アズサ_空崎ヒナ_天童アリス_プラナ(ブルーアーカイブ)_才羽モモイ_アロナ(ブルーアーカイブ),1
才羽モモイ_古関ウイ_才羽ミドリ_空崎ヒナ,1
杏山カズサ_阿慈谷ヒフミ_白洲アズサ_宇沢レイサ_才羽モモイ,1
才羽ミドリ_早瀬ユウカ_下江コハル_天童アリス_羽川ハスミ_才羽モモイ_浦和ハナコ,1
才羽ミドリ_下江コハル_早瀬ユウカ_天童アリス_才羽モモイ_浦和ハナコ,1
白石ウタハ_才羽ミドリ_豊見コトリ_天童アリス_才羽モモイ,1
小塗マキ_才羽モモイ_銀鏡イオリ_春日ツバキ,1
宇沢レイサ_桐藤ナギサ_天童アリス_聖園ミカ_才羽モモイ,1
才羽モモイ_才羽ミドリ_聖園ミカ,1
才羽ミドリ_清澄アキラ_小鳥遊ホシノ_天童アリス_才羽モモイ,1
才羽ミドリ_黒崎コユキ_各務チヒロ_秤アツコ_明星ヒマリ_才羽モモイ,1
才羽ミドリ_尾刃カンナ_棗イロハ_天雨アコ_空崎ヒナ_才羽モモイ_飛鳥馬トキ_百合園セイア,1
才羽ミドリ_歌住サクラコ_霞沢ミユ_才羽モモイ_月雪ミヤコ_百合園セイア,1
杏山カズサ_陸八魔アル_鬼方カヨコ_伊草ハルカ_才羽モモイ,1
下江コハル_才羽モモイ_才羽ミドリ,1
才羽モモイ_天童アリス_下江コハル_伊落マリー,1
白石ウタハ_一之瀬アスナ_室笠アカネ_才羽ミドリ_猫塚ヒビキ_豊見コトリ_天童アリス_才羽モモイ_氷室セナ,1
才羽ミドリ_棗イロハ_合歓垣フブキ_猫塚ヒビキ_才羽モモイ_黒見セリカ,1
才羽ミドリ_天童アリス_才羽モモイ_飛鳥馬トキ_調月リオ,1
才羽ミドリ_黒崎コユキ_千鳥ミチル_早瀬ユウカ_天童アリス_才羽モモイ,1
才羽モモイ_才羽ミドリ_陸八魔アル,1
才羽モモイ_天童アリス_才羽ミドリ_角楯カリン,1
才羽モモイ_プラナ(ブルーアーカイブ),1
白石ウタハ_才羽ミドリ_ケイ(ブルーアーカイブ)_猫塚ヒビキ_豊見コトリ_天童アリス_才羽モモイ_調月リオ,1
美甘ネル_才羽ミドリ_空崎ヒナ_天童アリス_才羽モモイ,1
銀鏡イオリ_才羽ミドリ_尾刃カンナ_天童アリス_錠前サオリ_才羽モモイ,1
音瀬コタマ_才羽モモイ_明星ヒマリ,1
才羽モモイ_天童アリス_才羽ミドリ_天見ノドカ,1
才羽モモイ_天童アリス_連河チェリノ,1
才羽モモイ_飛鳥馬トキ_才羽ミドリ_陸八魔アル,1
槌永ヒヨリ_伊原木ヨシミ_小鳥遊ホシノ_才羽モモイ_飛鳥馬トキ,1
才羽モモイ_黒崎コユキ_飛鳥馬トキ_才羽ミドリ,1
アロナ(ブルーアーカイブ)_才羽モモイ_天童アリス,1
銀鏡イオリ_赤司ジュンコ_黒崎コユキ_伊草ハルカ_才羽モモイ_黒見セリカ,1
小鳥遊ホシノ_下江コハル_天童アリス_錠前サオリ_小塗マキ_才羽モモイ_百合園セイア,1
才羽モモイ_聖園ミカ_早瀬ユウカ_才羽ミドリ,1
才羽モモイ_竜華キサキ,1
才羽ミドリ_黒崎コユキ_聖園ミカ_才羽モモイ_狐坂ワカモ_竜華キサキ_百合園セイア,1
才羽モモイ_生塩ノア_明星ヒマリ,1
久田イズナ_才羽モモイ_才羽ミドリ,1
才羽モモイ_錠前サオリ,1
才羽ミドリ_阿慈谷ヒフミ_小鳥遊ホシノ_鬼方カヨコ_才羽モモイ,1
狐坂ワカモ_才羽モモイ,1
錠前サオリ_才羽モモイ_秤アツコ,1
下江コハル_一之瀬アスナ_聖園ミカ_才羽モモイ,1
合歓垣フブキ_才羽モモイ,1
愛清フウカ_才羽ミドリ_棗イロハ_合歓垣フブキ_猫塚ヒビキ_天童アリス_才羽モモイ_久田イズナ,1
才羽モモイ_天童アリス_間宵シグレ,1
槌永ヒヨリ_才羽ミドリ_砂狼シロコ_獅子堂イズミ_才羽モモイ,1
小鳥遊ホシノ_才羽モモイ_春原ココナ_才羽ミドリ,1
霞沢ミユ_才羽モモイ_アロナ(ブルーアーカイブ)_才羽ミドリ,1
槌永ヒヨリ_天童アリス_鬼方カヨコ_才羽モモイ_小塗マキ_久田イズナ_大野ツクヨ_柚鳥ナツ_小鈎ハレ,1
下江コハル_才羽モモイ_伊落マリー_空崎ヒナ,1
才羽ミドリ_小鳥遊ホシノ_才羽モモイ_下江コハル_アロナ(ブルーアーカイブ),1
才羽ミドリ_伊落マリー_阿慈谷ヒフミ_白洲アズサ_下江コハル_秤アツコ_才羽モモイ_小塗マキ_浦和ハナコ,1
才羽モモイ_天童アリス_才羽ミドリ_愛清フウカ,1
下江コハル_才羽モモイ_浦和ハナコ_古関ウイ_久田イズナ,1
杏山カズサ_才羽モモイ_才羽ミドリ_黒見セリカ,1
才羽モモイ_アロナ(ブルーアーカイブ)_才羽ミドリ_早瀬ユウカ,1
才羽ミドリ_伊落マリー_陸八魔アル_才羽モモイ_霞沢ミユ_下江コハル_春原ココナ,1
才羽ミドリ_伊落マリー_霞沢ミユ_才羽モモイ_アロナ(ブルーアーカイブ),1
才羽ミドリ_早瀬ユウカ_空崎ヒナ_霞沢ミユ_才羽モモイ,1
白石ウタハ_才羽ミドリ_早瀬ユウカ_猫塚ヒビキ_豊見コトリ_才羽モモイ,1
才羽モモイ_才羽ミドリ_愛清フウカ,1
才羽モモイ_鬼方カヨコ_才羽ミドリ,1
才羽ミドリ_陸八魔アル_砂狼シロコ_各務チヒロ_霞沢ミユ_才羽モモイ,1
才羽モモイ_羽川ハスミ_才羽ミドリ,1
才羽モモイ_春原ココナ_宇沢レイサ_才羽ミドリ,1
愛清フウカ_室笠アカネ_黒舘ハルナ_天童アリス_才羽モモイ,1
杏山カズサ_才羽モモイ_天童アリス_宇沢レイサ,1
才羽ミドリ_鷲見セリナ_羽川ハスミ_鬼方カヨコ_伊草ハルカ_才羽モモイ_大野ツクヨ_柚鳥ナツ,1
小鳥遊ホシノ_砂狼シロコ_天童アリス_才羽モモイ_黒見セリカ,1
銀鏡イオリ_空崎ヒナ_鬼方カヨコ_才羽モモイ_春原ココナ,1
一之瀬アスナ_才羽ミドリ_浦和ハナコ_下江コハル_天童アリス_聖園ミカ_才羽モモイ,1
才羽モモイ_生塩ノア_豊見コトリ_天地ニヤ,1
杏山カズサ_才羽モモイ_才羽ミドリ,1
愛清フウカ_才羽ミドリ_陸八魔アル_朝比奈フィーナ_空崎ヒナ_小塗マキ_才羽モモイ,1
才羽モモイ_天童アリス_古関ウイ_才羽ミドリ,1
銀鏡イオリ_伊原木ヨシミ_早瀬ユウカ_才羽モモイ_柚鳥ナツ,1
美甘ネル_白石ウタハ_才羽ミドリ_早瀬ユウカ_才羽モモイ,1
才羽ミドリ_黒崎コユキ_早瀬ユウカ_才羽モモイ_小鈎ハレ,1
剣先ツルギ_空崎ヒナ_連河チェリノ_才羽モモイ_柚鳥ナツ,1
才羽モモイ_美甘ネル_早瀬ユウカ,1
美甘ネル_砂狼シロコ_早瀬ユウカ_黒舘ハルナ_才羽モモイ,1
久田イズナ_アロナ(ブルーアーカイブ)_才羽モモイ_砂狼シロコ,1
獅子堂イズミ_才羽モモイ_才羽ミドリ,1
小鳥遊ホシノ_才羽モモイ_美甘ネル,1
才羽モモイ_アロナ(ブルーアーカイブ)_伊原木ヨシミ,1
才羽モモイ_才羽ミドリ_陸八魔アル_阿慈谷ヒフミ,1
美甘ネル_才羽ミドリ_阿慈谷ヒフミ_砂狼シロコ_早瀬ユウカ_才羽モモイ_下江コハル,1
才羽ミドリ_陸八魔アル_阿慈谷ヒフミ_白洲アズサ_浅黄ムツキ_聖園ミカ_才羽モモイ,1
才羽モモイ_才羽ミドリ_早瀬ユウカ_連河チェリノ,1
才羽ミドリ_阿慈谷ヒフミ_小鳥遊ホシノ_白洲アズサ_天童アリス_才羽モモイ,1
棗イロハ_才羽モモイ_伊落マリー_秤アツコ,1
猫塚ヒビキ_才羽モモイ_室笠アカネ_早瀬ユウカ,1
小鳥遊ホシノ_才羽モモイ_猫塚ヒビキ,1
伊原木ヨシミ_赤司ジュンコ_天雨アコ_才羽モモイ_柚鳥ナツ,1
才羽ミドリ_早瀬ユウカ_下江コハル_秤アツコ_才羽モモイ,1
才羽ミドリ_赤司ジュンコ_白洲アズサ_空崎ヒナ_天童アリス_才羽モモイ,1
砂狼シロコ_千鳥ミチル_聖園ミカ_天見ノドカ_才羽モモイ_月雪ミヤコ_古関ウイ_氷室セナ,1
才羽モモイ_千鳥ミチル_才羽ミドリ,1
美甘ネル_才羽ミドリ_黒崎コユキ_天童アリス_才羽モモイ,1
才羽モモイ_赤司ジュンコ,1
才羽モモイ_才羽ミドリ_下江コハル_空崎ヒナ,1
才羽ミドリ_阿慈谷ヒフミ_早瀬ユウカ_才羽モモイ_黒見セリカ,1
才羽モモイ_静山マシロ_羽川ハスミ,1
下江コハル_古関ウイ_才羽モモイ,1
和楽チセ_銀鏡イオリ_才羽ミドリ_阿慈谷ヒフミ_白洲アズサ_小塗マキ_才羽モモイ_氷室セナ,1
才羽モモイ_才羽ミドリ_連河チェリノ_赤司ジュンコ,1
才羽ミドリ_伊原木ヨシミ_各務チヒロ_早瀬ユウカ_下江コハル_空崎ヒナ_才羽モモイ_古関ウイ,1
才羽ミドリ_聖園ミカ_霞沢ミユ_才羽モモイ_月雪ミヤコ,1
才羽モモイ_鷲見セリナ_安守ミノリ,1
霞沢ミユ_久田イズナ_才羽モモイ,1
阿慈谷ヒフミ_合歓垣フブキ_空崎ヒナ_才羽モモイ_狐坂ワカモ_久田イズナ,1
室笠アカネ_才羽ミドリ_天童アリス_花岡ユズ_才羽モモイ,1
美甘ネル_才羽ミドリ_合歓垣フブキ_空崎ヒナ_天童アリス_花岡ユズ_才羽モモイ_アロナ(ブルーアーカイブ)_古関ウイ,1
才羽ミドリ_十六夜ノノミ_小鳥遊ホシノ_各務チヒロ_早瀬ユウカ_空崎ヒナ_才羽モモイ,1
才羽ミドリ_伊落マリー_白洲アズサ_早瀬ユウカ_才羽モモイ,1
各務チヒロ_才羽モモイ_一之瀬アスナ_才羽ミドリ,1
伊原木ヨシミ_阿慈谷ヒフミ_小鳥遊ホシノ_才羽モモイ_アロナ(ブルーアーカイブ),1
愛清フウカ_才羽ミドリ_浦和ハナコ_合歓垣フブキ_早瀬ユウカ_空崎ヒナ_天童アリス_才羽モモイ,1
才羽モモイ_下江コハル_赤司ジュンコ,1
銀鏡イオリ_才羽ミドリ_十六夜ノノミ_音瀬コタマ_猫塚ヒビキ_連河チェリノ_才羽モモイ,1
才羽モモイ_天童アリス_才羽ミドリ_由良木モモカ,1
陸八魔アル_砂狼シロコ_鬼方カヨコ_才羽モモイ_アロナ(ブルーアーカイブ),1
才羽ミドリ_阿慈谷ヒフミ_空崎ヒナ_鬼方カヨコ_才羽モモイ_久田イズナ,1
愛清フウカ_才羽ミドリ_伊落マリー_小鳥遊ホシノ_才羽モモイ_アロナ(ブルーアーカイブ)_姫木メル,1
才羽モモイ_砂狼シロコ_赤司ジュンコ_阿慈谷ヒフミ,1
美甘ネル_天雨アコ_白洲アズサ_和泉元エイミ_才羽モモイ_小鈎ハレ,1
才羽ミドリ_阿慈谷ヒフミ_白洲アズサ_下江コハル_天童アリス_才羽モモイ_ソラ(ブルーアーカイブ),1
才羽ミドリ_砂狼シロコ_空崎ヒナ_黒舘ハルナ_天童アリス_小塗マキ_才羽モモイ,1
才羽ミドリ_十六夜ノノミ_奥空アヤネ_天童アリス_才羽モモイ,1
砂狼シロコ_天童アリス_才羽モモイ_才羽ミドリ,1
才羽ミドリ_伊落マリー_佐城トモエ_中務キリノ_才羽モモイ_柚鳥ナツ,1
才羽モモイ_銀鏡イオリ_春日ツバキ_才羽ミドリ,1
小鳥遊ホシノ_才羽モモイ_砂狼シロコ_才羽ミドリ,1
一之瀬アスナ_才羽ミドリ_阿慈谷ヒフミ_十六夜ノノミ_下江コハル_才羽モモイ,1
鰐渕アカリ_才羽ミドリ_陸八魔アル_音瀬コタマ_連河チェリノ_才羽モモイ_ソラ(ブルーアーカイブ)_姫木メル,1
才羽ミドリ_室笠アカネ_阿慈谷ヒフミ_砂狼シロコ_獅子堂イズミ_才羽モモイ,1
才羽モモイ_天童アリス_才羽ミドリ_阿慈谷ヒフミ,1
小鳥遊ホシノ_才羽モモイ_才羽ミドリ_柚鳥ナツ,1
才羽ミドリ_砂狼シロコ_空崎ヒナ_才羽モモイ_火宮チナツ,1
才羽ミドリ_薬子サヤ_小鳥遊ホシノ_白洲アズサ_天見ノドカ_才羽モモイ,1
薬子サヤ_阿慈谷ヒフミ_小鳥遊ホシノ_十六夜ノノミ_空崎ヒナ_獅子堂イズミ_鬼方カヨコ_才羽モモイ,1
守月スズミ_伊原木ヨシミ_十六夜ノノミ_阿慈谷ヒフミ_下江コハル_才羽モモイ,1
角楯カリン_十六夜ノノミ_早瀬ユウカ_獅子堂イズミ_天童アリス_才羽モモイ_アロナ(ブルーアーカイブ)_火宮チナツ,1
才羽ミドリ_阿慈谷ヒフミ_春原シュン(幼女)_天童アリス_才羽モモイ_連河チェリノ_春原シュン_久田イズナ_アロナ(ブルーアーカイブ),1
才羽モモイ_才羽ミドリ_久田イズナ,1
才羽モモイ_鷲見セリナ_朝顔ハナエ_才羽ミドリ,1
美甘ネル_才羽ミドリ_空崎ヒナ_天童アリス_才羽モモイ_下江コハル,1
才羽モモイ_銀鏡イオリ,1
和楽チセ_才羽ミドリ_天童アリス_浅黄ムツキ_才羽モモイ,1
銀鏡イオリ_牛牧ジュリ_静山マシロ_和泉元エイミ_才羽モモイ,1
才羽ミドリ_小鳥遊ホシノ_静山マシロ_早瀬ユウカ_才羽モモイ_久田イズナ,1
才羽モモイ_陸八魔アル_空崎ヒナ,1
才羽モモイ_天童アリス_春日ツバキ_才羽ミドリ,1
伊草ハルカ_才羽モモイ_一之瀬アスナ_才羽ミドリ,1
愛清フウカ_才羽ミドリ_羽川ハスミ_和泉元エイミ_才羽モモイ_アロナ(ブルーアーカイブ),1
才羽モモイ_アロナ(ブルーアーカイブ)_才羽ミドリ_薬子サヤ,1
砂狼シロコ_才羽ミドリ_十六夜ノノミ,1
陸八魔アル_才羽ミドリ_伊落マリー,1
才羽ミドリ_柚鳥ナツ_姫木メル,1
砂狼シロコ_才羽ミドリ_早瀬ユウカ_阿慈谷ヒフミ,1
橘ノゾミ_才羽ミドリ,1
アロナ(ブルーアーカイブ)_才羽ミドリ_早瀬ユウカ,1
才羽モモイ_才羽ミドリ_連河チェリノ,1
黒舘ハルナ_才羽モモイ_天童アリス_才羽ミドリ,1
才羽ミドリ_黒見セリカ,1
ニヤニヤ教授_天童アリス_聖園ミカ_才羽ミドリ,1
才羽ミドリ_秤アツコ,1
橘ノゾミ_才羽ミドリ_伊原木ヨシミ_棗イロハ_合歓垣フブキ_浅黄ムツキ,1
天童アリス_飛鳥馬トキ_才羽ミドリ_浅黄ムツキ,1
小鳥遊ホシノ_白洲アズサ_才羽ミドリ_十六夜ノノミ,1
杏山カズサ_栗浜アケミ_才羽ミドリ,1
槌永ヒヨリ_才羽ミドリ_小鳥遊ホシノ_黒崎コユキ_梔子ユメ,1
棗イロハ_才羽ミドリ_橘ヒカリ,1
才羽ミドリ_桐生キキョウ_空井サキ_飛鳥馬トキ_鬼怒川カスミ,1
春原ココナ_天童アリス_才羽ミドリ,1
白石ウタハ_羽川ハスミ_才羽ミドリ,1
栗村アイリ_才羽ミドリ,1
杏山カズサ_才羽ミドリ_梔子ユメ,1
浦和ハナコ_才羽ミドリ_ソラ(ブルーアーカイブ),1
和楽チセ_才羽ミドリ_桐生キキョウ_鬼方カヨコ_久田イズナ,1
砂狼シロコ_古関ウイ_才羽ミドリ_百合園セイア,1
才羽ミドリ_陸八魔アル_栗村アイリ_明星ヒマリ_月雪ミヤコ,1
才羽ミドリ_里浜ウミカ_鬼方カヨコ_霞沢ミユ_狐坂ワカモ,1
浦和ハナコ_才羽ミドリ,1
久田イズナ_才羽ミドリ,1
才羽ミドリ_陸八魔アル_棗イロハ_天童アリス_鬼方カヨコ_春原ココナ,1
蒼森ミネ_才羽ミドリ_阿慈谷ヒフミ_空崎ヒナ_豊見コトリ_聖園ミカ_和泉元エイミ_下江コハル_久田イズナ,1
棗イロハ_才羽ミドリ_空崎ヒナ,1
才羽ミドリ_伊原木ヨシミ_砂狼シロコ_猫塚ヒビキ_朝顔ハナエ_小塗マキ,1
聖園ミカ_才羽ミドリ,1
蒼森ミネ_美甘ネル_一之瀬アスナ_室笠アカネ_角楯カリン_尾刃カンナ_才羽ミドリ_久田イズナ,1
下江コハル_戒野ミサキ_才羽ミドリ_秤アツコ,1
才羽ミドリ_砂狼シロコ_剣先ツルギ_早瀬ユウカ_空崎ヒナ_豊見コトリ_古関ウイ,1
才羽ミドリ_早瀬ユウカ_小鈎ハレ,1
才羽ミドリ_砂狼シロコ_早瀬ユウカ_桐生キキョウ_聖園ミカ,1
才羽ミドリ_伊落マリー_十六夜ノノミ_小鳥遊ホシノ_丹花イブキ_アロナ(ブルーアーカイブ),1
黒崎コユキ_才羽ミドリ,1
奥空アヤネ_才羽ミドリ_十六夜ノノミ,1
才羽ミドリ_小鈎ハレ,1
アロナ(ブルーアーカイブ)_才羽ミドリ_プラナ(ブルーアーカイブ),1
クルミ(ブルーアーカイブ)_才羽ミドリ_早瀬ユウカ,1
下江コハル_春原ココナ_才羽ミドリ,1
狐坂ワカモ_才羽ミドリ_早瀬ユウカ_聖園ミカ,1
合歓垣フブキ_才羽ミドリ,1
天童アリス_才羽ミドリ_尾刃カンナ,1
才羽ミドリ_陸八魔アル_早瀬ユウカ_河和シズコ_浅黄ムツキ,1
丹花イブキ_才羽ミドリ_伊落マリー,1
天童アリス_浅黄ムツキ_才羽ミドリ,1
和泉元エイミ_明星ヒマリ_才羽ミドリ,1
霞沢ミユ_不破レンゲ_才羽ミドリ_空崎ヒナ,1
才羽ミドリ_陸八魔アル_小鳥遊ホシノ_宇沢レイサ_河和シズコ_浅黄ムツキ_小鈎ハレ,1
才羽ミドリ_陸八魔アル,1
御稜ナグサ_才羽ミドリ_明星ヒマリ_和泉元エイミ_月雪ミヤコ_百合園セイア,1
美甘ネル_才羽ミドリ_早瀬ユウカ,1
愛清フウカ_才羽ミドリ_河和シズコ_栗村アイリ_浅黄ムツキ_鬼方カヨコ,1
銀鏡イオリ_一之瀬アスナ_奥空アヤネ_才羽ミドリ,1
才羽ミドリ_棗イロハ_早瀬ユウカ_久田イズナ_春原ココナ,1
宇沢レイサ_才羽ミドリ,1
小鳥遊ホシノ_美甘ネル_才羽ミドリ,1
御稜ナグサ_才羽ミドリ_陸八魔アル_錠前サオリ,1
愛清フウカ_鰐渕アカリ_才羽ミドリ,1
才羽ミドリ_仲正イチカ,1
才羽ミドリ_秋泉モミジ,1
愛清フウカ_古関ウイ_才羽ミドリ_鬼怒川カスミ,1
浅黄ムツキ_才羽ミドリ_早瀬ユウカ,1
杏山カズサ_才羽ミドリ_砂狼シロコ_早瀬ユウカ_聖園ミカ,1
生塩ノア_天童アリス_才羽ミドリ,1
豊見コトリ_才羽ミドリ,1
河駒風ラブ_戒野ミサキ_才羽ミドリ_赤司ジュンコ,1
天童アリス_才羽ミドリ_空崎ヒナ,1
豊見コトリ_才羽ミドリ_不知火カヤ,1
音瀬コタマ_才羽ミドリ,1
才羽ミドリ_棗イロハ_黒崎コユキ_連河チェリノ_下江コハル_由良木モモカ,1
才羽ミドリ_ケイ(ブルーアーカイブ),1
天童アリス_河駒風ラブ_才羽ミドリ,1
砂狼シロコ_白洲アズサ_才羽ミドリ_阿慈谷ヒフミ,1
才羽ミドリ_砂狼シロコ_浅黄ムツキ_火宮チナツ_氷室セナ,1
合歓垣フブキ_才羽ミドリ_伊落マリー,1
才羽モモイ_砂狼シロコ_才羽ミドリ_早瀬ユウカ,1
才羽モモイ_シロコ*テラー_飛鳥馬トキ_才羽ミドリ,1
戒野ミサキ_才羽ミドリ,1
月雪ミヤコ_聖園ミカ_才羽ミドリ,1
聖園ミカ_早瀬ユウカ_才羽ミドリ,1
愛清フウカ_才羽ミドリ_黒崎コユキ_空井サキ_霞沢ミユ_月雪ミヤコ,1
小鳥遊ホシノ_白洲アズサ_才羽ミドリ_小鈎ハレ,1
才羽ミドリ_小鳥遊ホシノ_空崎ヒナ_鬼方カヨコ_下江コハル_飛鳥馬トキ,1
下江コハル_才羽ミドリ_近衛ミナ,1
才羽ミドリ_早瀬ユウカ_空崎ヒナ,1
クルミ(ブルーアーカイブ)_才羽ミドリ_七度ユキノ_風倉モエ_ニコ(ブルーアーカイブ)_空井サキ_霞沢ミユ_月雪ミヤコ_オトギ(ブルーアーカイブ),1
合歓垣フブキ_才羽ミドリ_伊落マリー_空崎ヒナ,1
棗イロハ_戒野ミサキ_才羽ミドリ_近衛ミナ,1
才羽ミドリ_竜華キサキ,1
才羽ミドリ_朝比奈フィーナ,1
才羽ミドリ_尾刃カンナ,1
美甘ネル_一之瀬アスナ_才羽ミドリ_角楯カリン_連河チェリノ,1
和楽チセ_愛清フウカ_槌永ヒヨリ_才羽ミドリ_聖園ミカ_飛鳥馬トキ_扇喜アオイ,1
砂狼シロコ_浅黄ムツキ_才羽ミドリ_早瀬ユウカ,1
小鳥遊ホシノ_月雪ミヤコ_才羽ミドリ,1
愛清フウカ_美甘ネル_才羽ミドリ_尾刃カンナ_阿慈谷ヒフミ_霞沢ミユ_生塩ノア_飛鳥馬トキ,1
河駒風ラブ_戒野ミサキ_才羽ミドリ,1
鰐渕アカリ_才羽ミドリ_砂狼シロコ_早瀬ユウカ_聖園ミカ_狐坂ワカモ,1
小鳥遊ホシノ_才羽ミドリ_柚鳥ナツ,1
戒野ミサキ_河駒風ラブ_才羽ミドリ_尾刃カンナ,1
春原ココナ_アロナ(ブルーアーカイブ)_才羽ミドリ_プラナ(ブルーアーカイブ),1
伊草ハルカ_戒野ミサキ_才羽ミドリ,1
月雪ミヤコ_明星ヒマリ_才羽ミドリ,1
杏山カズサ_才羽ミドリ_伊原木ヨシミ_棗イロハ_宇沢レイサ_栗村アイリ_生塩ノア_柚鳥ナツ,1
戒野ミサキ_才羽ミドリ_不知火カヤ,1
由良木モモカ_才羽ミドリ,1
才羽ミドリ_浦和ハナコ_下江コハル_和泉元エイミ_才羽モモイ,1
砂狼シロコ_才羽ミドリ_伊落マリー,1
鰐渕アカリ_才羽ミドリ_陸八魔アル_棗イロハ_黒崎コユキ_間宵シグレ_霞沢ミユ,1
合歓垣フブキ_戒野ミサキ_才羽ミドリ,1
棗イロハ_黒崎コユキ_才羽ミドリ,1
棗イロハ_才羽ミドリ_伊原木ヨシミ,1
棗イロハ_天童アリス_才羽ミドリ,1
小鳥遊ホシノ_明星ヒマリ_才羽ミドリ_黒見セリカ,1
棗イロハ_才羽ミドリ,1
明星ヒマリ_才羽ミドリ,1
槌永ヒヨリ_才羽ミドリ_棗イロハ_合歓垣フブキ_伊草ハルカ_由良木モモカ_古関ウイ,1
才羽ミドリ_角楯カリン,1
鷲見セリナ_砂狼シロコ_才羽ミドリ_早瀬ユウカ,1
才羽ミドリ_百合園セイア,1
下江コハル_才羽ミドリ_聖園ミカ,1
才羽ミドリ_伊落マリー_早瀬ユウカ_里浜ウミカ_聖園ミカ,1
才羽ミドリ_黒崎コユキ_早瀬ユウカ_豊見コトリ_下倉メグ_伊草ハルカ_霞沢ミユ,1
愛清フウカ_才羽ミドリ_下江コハル_陸八魔アル,1
才羽ミドリ_砂狼シロコ_聖園ミカ_霞沢ミユ_狐坂ワカモ_月雪ミヤコ,1
小鳥遊ホシノ_才羽ミドリ_早瀬ユウカ,1
才羽ミドリ_連河チェリノ,1
棗イロハ_黒崎コユキ_才羽ミドリ_小鳥遊ホシノ,1
下江コハル_砂狼シロコ_聖園ミカ_才羽ミドリ,1
音瀬コタマ_天童アリス_才羽ミドリ,1
才羽ミドリ_シロコ*テラー_砂狼シロコ_猫塚ヒビキ_黒舘ハルナ_百合園セイア,1
才羽ミドリ_天雨アコ_砂狼シロコ_聖園ミカ_才羽モモイ_飛鳥馬トキ_久田イズナ,1
砂狼シロコ_才羽ミドリ_早瀬ユウカ,1
白洲アズサ_古関ウイ_才羽ミドリ,1
才羽ミドリ_伊落マリー_小鳥遊ホシノ_黒崎コユキ_明星ヒマリ_聖園ミカ,1
猫塚ヒビキ_栗村アイリ_才羽ミドリ,1
天童アリス_才羽ミドリ_美甘ネル,1
才羽ミドリ_若葉ヒナタ_阿慈谷ヒフミ_合歓垣フブキ_霞沢ミユ_月雪ミヤコ,1
才羽ミドリ_小鳥遊ホシノ_間宵シグレ_空崎ヒナ_柚鳥ナツ,1
杏山カズサ_愛清フウカ_才羽ミドリ,1
才羽ミドリ_狐坂ワカモ_奥空アヤネ_下江コハル_早瀬ユウカ_生塩ノア_浦和ハナコ_月雪ミヤコ,1
天童アリス_才羽ミドリ_角楯カリン,1
砂狼シロコ_戒野ミサキ_才羽ミドリ,1
小鳥遊ホシノ_棗イロハ_奥空アヤネ_才羽ミドリ,1
才羽ミドリ_棗イロハ_黒舘ハルナ_天童アリス_羽沼マコト,1
生塩ノア_才羽ミドリ_早瀬ユウカ,1
浅黄ムツキ_才羽ミドリ_伊落マリー,1
猫塚ヒビキ_銀鏡イオリ_才羽ミドリ_早瀬ユウカ,1
勇美カエデ_春原ココナ_一之瀬アスナ_才羽ミドリ,1
砂狼シロコ_才羽ミドリ_氷室セナ,1
天地ニヤ_才羽ミドリ_角楯カリン_伊落マリー_阿慈谷ヒフミ,1
風倉モエ_才羽ミドリ_柚鳥ナツ,1
守月スズミ_才羽ミドリ_伊原木ヨシミ_伊落マリー_小鳥遊ホシノ_猫塚ヒビキ_黒舘ハルナ_霞沢ミユ,1
音瀬コタマ_才羽ミドリ_早瀬ユウカ,1
鰐渕アカリ_才羽ミドリ_若葉ヒナタ_鬼方カヨコ_ソラ(ブルーアーカイブ),1
小鳥遊ホシノ_久田イズナ_砂狼シロコ_才羽ミドリ,1
水羽ミモリ_愛清フウカ_天雨アコ_才羽ミドリ,1
槌永ヒヨリ_才羽ミドリ_砂狼シロコ_空崎ヒナ_天童アリス_下江コハル,1
才羽ミドリ_赤司ジュンコ_音瀬コタマ_白洲アズサ_空崎ヒナ_古関ウイ,1
栗村アイリ_聖園ミカ_才羽ミドリ,1
才羽ミドリ_錠前サオリ,1
久田イズナ_月雪ミヤコ_静山マシロ_才羽ミドリ,1
猫塚ヒビキ_才羽モモイ_銀鏡イオリ_才羽ミドリ,1
才羽モモイ_才羽ミドリ_姫木メル,1
才羽モモイ_聖園ミカ_下江コハル_才羽ミドリ,1
才羽ミドリ_十六夜ノノミ_合歓垣フブキ_天童アリス_聖園ミカ_狐坂ワカモ,1
下江コハル_才羽ミドリ_阿慈谷ヒフミ,1
才羽ミドリ_春原シュン(幼女)_春原シュン_十六夜ノノミ,1
愛清フウカ_才羽ミドリ_若葉ヒナタ_下江コハル_黒舘ハルナ_霞沢ミユ_久田イズナ_古関ウイ,1
春原シュン(幼女)_天童アリス_才羽ミドリ_春原シュン,1
才羽ミドリ_阿慈谷ヒフミ_小鳥遊ホシノ_霞沢ミユ_月雪ミヤコ,1
天童アリス_鬼方カヨコ_才羽ミドリ,1
天雨アコ_才羽ミドリ_早瀬ユウカ,1
一之瀬アスナ_春日ツバキ_才羽ミドリ_陸八魔アル_下江コハル,1
伊草ハルカ_才羽ミドリ_水羽ミモリ,1
愛清フウカ_美甘ネル_才羽ミドリ_早瀬ユウカ_空崎ヒナ_鬼方カヨコ,1
才羽ミドリ_柚鳥ナツ,1
小塗マキ_静山マシロ_各務チヒロ_才羽ミドリ,1
才羽ミドリ_十六夜ノノミ_各務チヒロ_花岡ユズ_黒見セリカ,1
才羽ミドリ_阿慈谷ヒフミ_桐藤ナギサ_天童アリス_聖園ミカ,1
才羽ミドリ_伊落マリー_砂狼シロコ_桐藤ナギサ_早瀬ユウカ_空崎ヒナ_聖園ミカ_氷室セナ,1
才羽ミドリ_陸八魔アル_小鳥遊ホシノ_天童アリス_アロナ(ブルーアーカイブ)_ソラ(ブルーアーカイブ),1
美甘ネル_才羽ミドリ_陸八魔アル_小鳥遊ホシノ_天童アリス_七神リン,1
黒舘ハルナ_才羽ミドリ_小鳥遊ホシノ_空崎ヒナ,1
才羽ミドリ_小鳥遊ホシノ_砂狼シロコ_空崎ヒナ_連河チェリノ_アロナ(ブルーアーカイブ),1
才羽ミドリ_春原シュン(幼女)_春原シュン,1
獅子堂イズミ_才羽ミドリ_柚鳥ナツ,1
才羽ミドリ_空崎ヒナ_天童アリス_下江コハル_柚鳥ナツ,1
才羽モモイ_天童アリス_才羽ミドリ_陸八魔アル,1
才羽ミドリ_十六夜ノノミ_小鳥遊ホシノ_春原ココナ_才羽モモイ_アロナ(ブルーアーカイブ),1
伊草ハルカ_槌永ヒヨリ_銀鏡イオリ_才羽ミドリ,1
和楽チセ_才羽ミドリ_伊原木ヨシミ_小鳥遊ホシノ_砂狼シロコ_乙花スミレ_小塗マキ,1
和楽チセ_才羽ミドリ_十六夜ノノミ_剣先ツルギ_砂狼シロコ_河和シズコ_アロナ(ブルーアーカイブ),1
才羽ミドリ_角楯カリン_阿慈谷ヒフミ_静山マシロ_鬼方カヨコ_下江コハル_黒見セリカ,1
才羽ミドリ_薬子サヤ_砂狼シロコ_池倉マリナ_小鈎ハレ,1
才羽モモイ_美甘ネル_才羽ミドリ,1
天童アリス_飛鳥馬トキ_奥空アヤネ_小鈎ハレ,1
陸八魔アル_小鳥遊ホシノ_空崎ヒナ_ケイ(ブルーアーカイブ)_天童アリス_梔子ユメ,1
天童アリス_黒崎コユキ_生塩ノア_早瀬ユウカ,1
天童アリス_砂狼シロコ_里浜ウミカ,1
ニヤニヤ教授_天童アリス_間宵シグレ,1
橘ヒカリ_春原シュン(幼女)_ケイ(ブルーアーカイブ)_天童アリス_プラナ(ブルーアーカイブ)_春原ココナ,1
早瀬ユウカ_天童アリス_伊原木ヨシミ_中務キリノ,1
天童アリス_羽川ハスミ_不知火カヤ_空崎ヒナ,1
小鳥遊ホシノ_砂狼シロコ_空崎ヒナ_天童アリス_プラナ(ブルーアーカイブ)_アロナ(ブルーアーカイブ),1
伊草ハルカ_砂狼シロコ_天童アリス,1
橘ノゾミ_橘ヒカリ_合歓垣フブキ_ニヤニヤ教授_丹花イブキ_天童アリス_春原ココナ,1
小鳥遊ホシノ_空崎ヒナ_天童アリス_聖園ミカ_プラナ(ブルーアーカイブ)_月雪ミヤコ,1
小鳥遊ホシノ_丹花イブキ_天童アリス,1
小鳥遊ホシノ_シロコ*テラー_天童アリス_久田イズナ_古関ウイ,1
小塗マキ_天童アリス_伊落マリー,1
杏山カズサ_天童アリス_美甘ネル,1
小鳥遊ホシノ_砂狼シロコ_宇沢レイサ_天童アリス_鬼方カヨコ,1
浦和ハナコ_天童アリス_早瀬ユウカ,1
天童アリス_古関ウイ_若葉ヒナタ,1
棗イロハ_桐藤ナギサ_空崎ヒナ_天童アリス_明星ヒマリ_聖園ミカ_古関ウイ_百合園セイア,1
下江コハル_天童アリス_陸八魔アル,1
音瀬コタマ_天童アリス,1
乙花スミレ_天童アリス_栗浜アケミ_早瀬ユウカ,1
小鳥遊ホシノ_愛清フウカ_天童アリス_黒舘ハルナ,1
生塩ノア_天童アリス_十六夜ノノミ,1
下江コハル_天童アリス_美甘ネル,1
天童アリス_鬼怒川カスミ,1
杏山カズサ_天童アリス_宇沢レイサ_ケイ(ブルーアーカイブ),1
守月スズミ_天童アリス_クルミ(ブルーアーカイブ)_安守ミノリ,1
美甘ネル_一之瀬アスナ_角楯カリン_天童アリス_飛鳥馬トキ,1
天童アリス_浅黄ムツキ_橘ヒカリ,1
伊落マリー_棗イロハ_砂狼シロコ_早瀬ユウカ_空崎ヒナ_天童アリス_聖園ミカ,1
天童アリス_宇沢レイサ_黒崎コユキ,1
天童アリス_桐藤ナギサ_聖園ミカ_百合園セイア,1
天童アリス_飛鳥馬トキ_一之瀬アスナ_早瀬ユウカ,1
浦和ハナコ_天童アリス_狐坂ワカモ_赤司ジュンコ,1
伊草ハルカ_天童アリス_鬼方カヨコ_梔子ユメ,1
十六夜ノノミ_小鳥遊ホシノ_砂狼シロコ_黒崎コユキ_天童アリス_黒見セリカ,1
小塗マキ_天童アリス_早瀬ユウカ_阿慈谷ヒフミ,1
天童アリス_シロコ*テラー,1
小鳥遊ホシノ_空崎ヒナ_天童アリス_プラナ(ブルーアーカイブ)_月雪ミヤコ_黒見セリカ,1
小鳥遊ホシノ_浦和ハナコ_天童アリス_連河チェリノ,1
ニヤニヤ教授_天童アリス,1
小鳥遊ホシノ_棗イロハ_天童アリス_浅黄ムツキ_鬼方カヨコ,1
陸八魔アル_天童アリス_浅黄ムツキ_鬼方カヨコ_錠前サオリ_伊草ハルカ_下江コハル,1
天童アリス_春日ツバキ_早瀬ユウカ,1
小鳥遊ホシノ_天童アリス_ホシノ*テラー,1
砂狼シロコ_空崎ヒナ_天童アリス_伊草ハルカ_調月リオ_百合園セイア,1
天童アリス_梔子ユメ_伊落マリー_十六夜ノノミ,1
天童アリス_浦和ハナコ_箭吹シュロ_鬼怒川カスミ_安守ミノリ,1
美甘ネル_天雨アコ_早瀬ユウカ_天童アリス_コノカ(ブルーアーカイブ),1
天童アリス_砂狼シロコ_明星ヒマリ_空崎ヒナ,1
天童アリス_不知火カヤ_七神リン_空崎ヒナ,1
天童アリス_白石ウタハ_早瀬ユウカ,1
天童アリス_美甘ネル_早瀬ユウカ_黒崎コユキ,1
杏山カズサ_槌永ヒヨリ_室笠アカネ_尾刃カンナ_秤アツコ_天童アリス_申谷カイ_狐坂ワカモ_百合園セイア,1
小鳥遊ホシノ_天童アリス_羽川ハスミ,1
天童アリス_調月リオ_美甘ネル,1
天童アリス_桐生キキョウ_黒崎コユキ,1
小鳥遊ホシノ_早瀬ユウカ_ケイ(ブルーアーカイブ)_天童アリス_黒見セリカ,1
鰐渕アカリ_風倉モエ_天童アリス_聖園ミカ_下江コハル,1
下江コハル_天童アリス_剣先ツルギ_陸八魔アル,1
伊原木ヨシミ_陸八魔アル_近衛ミナ_砂狼シロコ_中務キリノ_河和シズコ_天童アリス_錠前サオリ_月雪ミヤコ_安守ミノリ,1
美甘ネル_阿慈谷ヒフミ_小鳥遊ホシノ_砂狼シロコ_白洲アズサ_天童アリス_聖園ミカ_錠前サオリ_飛鳥馬トキ,1
十六夜ノノミ_小鳥遊ホシノ_砂狼シロコ_桐藤ナギサ_天童アリス_下倉メグ_戒野ミサキ,1
天童アリス_尾刃カンナ_錠前サオリ,1
棗イロハ_天童アリス_由良木モモカ,1
白石ウタハ_天童アリス_浅黄ムツキ,1
天童アリス_飛鳥馬トキ_空崎ヒナ,1
乙花スミレ_野正レイ_天童アリス,1
小鳥遊ホシノ_空崎ヒナ_天童アリス_鹿山レイジョ_黒見セリカ,1
アロナ(ブルーアーカイブ)_天童アリス_黒崎コユキ,1
愛清フウカ_剣先ツルギ_黒崎コユキ_早瀬ユウカ_空崎ヒナ_天童アリス_浦和ハナコ_黒見セリカ,1
若葉ヒナタ_伊落マリー_歌住サクラコ_天童アリス_春原ココナ,1
小鳥遊ホシノ_天童アリス_鬼方カヨコ_白洲アズサ,1
天童アリス_シロコ*テラー_栗村アイリ_桐藤ナギサ,1
美甘ネル_七度ユキノ_剣先ツルギ_空崎ヒナ_天童アリス_月雪ミヤコ,1
小鳥遊ホシノ_天童アリス_橘ノゾミ,1
橘ノゾミ_橘ヒカリ_伊落マリー_天童アリス_プラナ(ブルーアーカイブ)_箭吹シュロ,1
勘解由小路ユカリ_天地ニヤ_天童アリス,1
杏山カズサ_天童アリス_伊落マリー,1
若葉ヒナタ_宇沢レイサ_天童アリス_箭吹シュロ_柚鳥ナツ,1
美甘ネル_小鳥遊ホシノ_空崎ヒナ_天童アリス_飛鳥馬トキ,1
銀鏡イオリ_天雨アコ_天童アリス_浅黄ムツキ_下江コハル_古関ウイ,1
天童アリス_明星ヒマリ_阿慈谷ヒフミ,1
若葉ヒナタ_天童アリス_明星ヒマリ_鬼方カヨコ_仲正イチカ_調月リオ,1
一之瀬アスナ_天童アリス_聖園ミカ_錠前サオリ_久田イズナ_調月リオ,1
天童アリス_シロコ*テラー_プラナ(ブルーアーカイブ),1
天童アリス_黒崎コユキ_中務キリノ,1
天童アリス_桐藤ナギサ_百合園セイア,1
狐坂ワカモ_天童アリス,1
白石ウタハ_丹花イブキ_天童アリス_和泉元エイミ_小鈎ハレ,1
天童アリス_明星ヒマリ_早瀬ユウカ,1
小鳥遊ホシノ_桐藤ナギサ_空崎ヒナ_天童アリス_聖園ミカ_百合園セイア,1
早瀬ユウカ_天童アリス_羽川ハスミ_霞沢ミユ_飛鳥馬トキ,1
陸八魔アル_十六夜ノノミ_小鳥遊ホシノ_砂狼シロコ_下江コハル_早瀬ユウカ_天童アリス_浦和ハナコ,1
天童アリス_剣先ツルギ_尾刃カンナ,1
棗イロハ_天童アリス_聖園ミカ_空崎ヒナ,1
陸八魔アル_早瀬ユウカ_天童アリス_浅黄ムツキ_鬼方カヨコ,1
小鳥遊ホシノ_天童アリス_梔子ユメ,1
天童アリス_一之瀬アスナ_角楯カリン_飛鳥馬トキ,1
剣先ツルギ_静山マシロ_早瀬ユウカ_天童アリス_百合園セイア,1
小鳥遊ホシノ_天童アリス_春原ココナ_間宵シグレ,1
朱城ルミ_天童アリス_聖園ミカ_プラナ(ブルーアーカイブ)_アロナ(ブルーアーカイブ)_百合園セイア,1
赤司ジュンコ_オウル(ブルーアーカイブ)_ケイ(ブルーアーカイブ)_天童アリス_里浜ウミカ,1
勇美カエデ_春日ツバキ_砂狼シロコ_天童アリス_栗村アイリ_柚鳥ナツ,1
小鳥遊ホシノ_天童アリス_聖園ミカ,1
アロナ(ブルーアーカイブ)_天童アリス_十六夜ノノミ,1
愛清フウカ_小鳥遊ホシノ_砂狼シロコ_黒舘ハルナ_天童アリス_伊草ハルカ_アロナ(ブルーアーカイブ)_黒見セリカ,1
小鳥遊ホシノ_砂狼シロコ_天童アリス_鬼方カヨコ_百合園セイア,1
天童アリス_鬼方カヨコ_陸八魔アル,1
天童アリス_奥空アヤネ_浅黄ムツキ_黒見セリカ,1
天童アリス_間宵シグレ_鬼方カヨコ,1
小鳥遊ホシノ_守月スズミ_天童アリス,1
小塗マキ_天童アリス_シロコ*テラー,1
陸八魔アル_阿慈谷ヒフミ_十六夜ノノミ_早瀬ユウカ_天童アリス,1
御稜ナグサ_鷲見セリナ_早瀬ユウカ_桐生キキョウ_ケイ(ブルーアーカイブ)_天童アリス_朝顔ハナエ_月雪ミヤコ,1
天童アリス_聖園ミカ_仲正イチカ,1
伊草ハルカ_天童アリス_千鳥ミチル_白洲アズサ,1
春日ツバキ_陸八魔アル_鷲見セリナ_春原シュン(幼女)_天童アリス_黒見セリカ,1
和楽チセ_天童アリス_宇沢レイサ_空崎ヒナ,1
天童アリス_姫木メル_空崎ヒナ,1
愛清フウカ_鰐渕アカリ_橘ノゾミ_橘ヒカリ_赤司ジュンコ_阿慈谷ヒフミ_天童アリス,1
阿慈谷ヒフミ_小鳥遊ホシノ_白洲アズサ_秤アツコ_天童アリス,1
春原ココナ_天童アリス_古関ウイ,1
天童アリス_聖園ミカ_下倉メグ,1
小鳥遊ホシノ_天童アリス_奥空アヤネ_十六夜ノノミ,1
天童アリス_一之瀬アスナ_羽沼マコト,1
杏山カズサ_清澄アキラ_阿慈谷ヒフミ_小鳥遊ホシノ_十六夜ノノミ_砂狼シロコ_天童アリス,1
生塩ノア_阿慈谷ヒフミ_天童アリス_プラナ(ブルーアーカイブ),1
小鳥遊ホシノ_天童アリス_早瀬ユウカ_十六夜ノノミ,1
錠前サオリ_天童アリス_戒野ミサキ_秤アツコ,1
天童アリス_羽川ハスミ_早瀬ユウカ,1
杏山カズサ_美甘ネル_銀鏡イオリ_室笠アカネ_小鳥遊ホシノ_桐生キキョウ_天童アリス_聖園ミカ,1
白洲アズサ_シロコ*テラー_下江コハル_天童アリス_聖園ミカ_浦和ハナコ_調月リオ,1
早瀬ユウカ_空崎ヒナ_天童アリス_聖園ミカ_竜華キサキ,1
早瀬ユウカ_天童アリス_明星ヒマリ_生塩ノア_調月リオ,1
錠前サオリ_天童アリス_空崎ヒナ,1
ケイ(ブルーアーカイブ)_天童アリス_飛鳥馬トキ_秤アツコ,1
小鳥遊ホシノ_天童アリス_阿慈谷ヒフミ,1
天童アリス_スモモ(ブルーアーカイブ)_霞沢ミユ,1
愛清フウカ_桐藤ナギサ_黒舘ハルナ_天童アリス_聖園ミカ_飛鳥馬トキ_百合園セイア,1
天童アリス_一之瀬アスナ_早瀬ユウカ,1
丹花イブキ_天童アリス_梔子ユメ,1
小鳥遊ホシノ_天童アリス_砂狼シロコ_ケイ(ブルーアーカイブ),1
阿慈谷ヒフミ_早瀬ユウカ_空崎ヒナ_天童アリス_生塩ノア,1
天童アリス_砂狼シロコ_剣先ツルギ,1
天童アリス_浅黄ムツキ_ケイ(ブルーアーカイブ),1
丹花イブキ_天童アリス_千鳥ミチル,1
天童アリス_赤司ジュンコ,1
蒼森ミネ_天童アリス,1
天童アリス_早瀬ユウカ_仲正イチカ,1
小鳥遊ホシノ_天童アリス_箭吹シュロ_鬼方カヨコ,1
棗イロハ_天童アリス_阿慈谷ヒフミ,1
天童アリス_奥空アヤネ_ケイ(ブルーアーカイブ),1
勘解由小路ユカリ_天童アリス_仲正イチカ_飛鳥馬トキ_竜華キサキ,1
勘解由小路ユカリ_伊落マリー_空崎ヒナ_天童アリス_春原シュン_春原ココナ,1
棗イロハ_天童アリス_鬼怒川カスミ,1
天童アリス_シロコ*テラー_黒崎コユキ_小鳥遊ホシノ,1
天童アリス_砂狼シロコ_早瀬ユウカ_陸八魔アル,1
春原シュン(幼女)_天童アリス_春原ココナ_古関ウイ_小鈎ハレ,1
天童アリス_春日ツバキ,1
羽沼マコト_天童アリス_陸八魔アル_錠前サオリ,1
槌永ヒヨリ_天童アリス_梔子ユメ,1
小鳥遊ホシノ_天雨アコ_砂狼シロコ_空崎ヒナ_天童アリス_月雪ミヤコ_生塩ノア_羽沼マコト,1
天童アリス_アロナ(ブルーアーカイブ)_プラナ(ブルーアーカイブ)_阿慈谷ヒフミ,1
霞沢ミユ_天童アリス_小鳥遊ホシノ,1
春原ココナ_天童アリス_月雪ミヤコ_調月リオ,1
天童アリス_砂狼シロコ_早瀬ユウカ_杏山カズサ,1
音瀬コタマ_各務チヒロ_天童アリス_小塗マキ_小鈎ハレ,1
伊草ハルカ_下江コハル_天童アリス,1
阿慈谷ヒフミ_天童アリス_白洲アズサ,1
円堂シミコ_守月スズミ_天童アリス_尾刃カンナ,1
守月スズミ_天童アリス,1
棗イロハ_生塩ノア_天童アリス_明星ヒマリ_仲正イチカ_月雪ミヤコ,1
丹花イブキ_天童アリス_空崎ヒナ,1
天童アリス_聖園ミカ_鬼方カヨコ_プラナ(ブルーアーカイブ)_アロナ(ブルーアーカイブ),1
守月スズミ_薬子サヤ_桐藤ナギサ_早瀬ユウカ_天童アリス_聖園ミカ_姫木メル,1
天童アリス_浅黄ムツキ_早瀬ユウカ,1
旗見エリカ_天童アリス_夜桜キララ_空崎ヒナ,1
下江コハル_天童アリス_仲正イチカ_空崎ヒナ,1
天童アリス_空崎ヒナ_阿慈谷ヒフミ,1
丹花イブキ_天童アリス_羽沼マコト,1
野正レイ_室笠アカネ_黒崎コユキ_乙花スミレ_天童アリス,1
天童アリス_砂狼シロコ_ケイ(ブルーアーカイブ),1
砂狼シロコ_天童アリス_ケイ(ブルーアーカイブ),1
小鳥遊ホシノ_天童アリス_砂狼シロコ_空崎ヒナ,1
小鳥遊ホシノ_春原シュン(幼女)_空崎ヒナ_天童アリス_下江コハル_春原ココナ_箭吹シュロ_竜華キサキ,1
天童アリス_戒野ミサキ,1
天童アリス_聖園ミカ_七神リン_三善タカネ,1
アロナ(ブルーアーカイブ)_天童アリス_ケイ(ブルーアーカイブ)_プラナ(ブルーアーカイブ),1
槌永ヒヨリ_天童アリス_聖園ミカ_連河チェリノ_錠前サオリ_戒野ミサキ_調月リオ,1
天童アリス_飛鳥馬トキ_室笠アカネ_美甘ネル,1
砂狼シロコ_天童アリス_尾刃カンナ_ケイ(ブルーアーカイブ),1
小鳥遊ホシノ_天童アリス_扇喜アオイ_空崎ヒナ,1
一之瀬アスナ_早瀬ユウカ_空崎ヒナ_天童アリス_浦和ハナコ,1
天童アリス_羽川ハスミ_尾刃カンナ,1
近衛ミナ_薬子サヤ_朱城ルミ_春原シュン(幼女)_ケイ(ブルーアーカイブ)_天童アリス_月雪ミヤコ_春原ココナ_竜華キサキ,1
小塗マキ_天童アリス_ケイ(ブルーアーカイブ),1
槌永ヒヨリ_天童アリス_秤アツコ_空崎ヒナ,1
黒崎コユキ_宇沢レイサ_早瀬ユウカ_天童アリス_聖園ミカ_仲正イチカ_和泉元エイミ,1
天童アリス_桐生キキョウ,1
棗イロハ_天雨アコ_間宵シグレ_空崎ヒナ_天童アリス_聖園ミカ,1
白石ウタハ_春日ツバキ_陸八魔アル_猫塚ヒビキ_豊見コトリ_天童アリス_下江コハル,1
美甘ネル_砂狼シロコ_剣先ツルギ_空崎ヒナ_天童アリス_飛鳥馬トキ_黒見セリカ,1
美甘ネル_一之瀬アスナ_陸八魔アル_小鳥遊ホシノ_早瀬ユウカ_空崎ヒナ_天童アリス_聖園ミカ,1
天童アリス_鬼方カヨコ_聖園ミカ,1
砂狼シロコ_天童アリス_聖園ミカ_早瀬ユウカ,1
天童アリス_生塩ノア_ケイ(ブルーアーカイブ),1
阿慈谷ヒフミ_砂狼シロコ_早瀬ユウカ_天童アリス_聖園ミカ_下江コハル,1
小鳥遊ホシノ_天童アリス_月雪ミヤコ,1
天童アリス_聖園ミカ_百合園セイア,1
河駒風ラブ_天童アリス_戒野ミサキ_錠前サオリ,1
小鳥遊ホシノ_天童アリス_尾刃カンナ_伊落マリー,1
小鳥遊ホシノ_天童アリス_聖園ミカ_下江コハル_生塩ノア_箭吹シュロ,1
砂狼シロコ_天童アリス_聖園ミカ_下江コハル_百合園セイア,1
天童アリス_アイン(ブルーアーカイブ),1
和泉元エイミ_天童アリス_早瀬ユウカ,1
角楯カリン_阿慈谷ヒフミ_砂狼シロコ_天童アリス_羽川ハスミ_鬼方カヨコ_聖園ミカ_下江コハル_飛鳥馬トキ,1
伊落マリー_天童アリス_陸八魔アル,1
天童アリス_箭吹シュロ_聖園ミカ_桐生キキョウ,1
天童アリス_箭吹シュロ_聖園ミカ_尾刃カンナ,1
杏山カズサ_十六夜ノノミ_小鳥遊ホシノ_砂狼シロコ_秤アツコ_天童アリス_古関ウイ,1
下江コハル_天童アリス_一之瀬アスナ_砂狼シロコ,1
小鳥遊ホシノ_天童アリス_飛鳥馬トキ_角楯カリン,1
小鳥遊ホシノ_天童アリス_飛鳥馬トキ_美甘ネル,1
天童アリス_美甘ネル_不破レンゲ,1
白石ウタハ_天童アリス_角楯カリン,1
砂狼シロコ_連邦生徒会長_空崎ヒナ_天童アリス_聖園ミカ_久田イズナ,1
天童アリス_明星ヒマリ_早瀬ユウカ_梔子ユメ,1
天童アリス_不破レンゲ_美甘ネル,1
春原ココナ_天童アリス_早瀬ユウカ,1
合歓垣フブキ_下江コハル_天童アリス_砂狼シロコ,1
天童アリス_美甘ネル_古関ウイ_ケイ(ブルーアーカイブ),1
天童アリス_秤アツコ_小鈎ハレ,1
小鳥遊ホシノ_天童アリス_伊落マリー,1
アロナ(ブルーアーカイブ)_天童アリス_古関ウイ_プラナ(ブルーアーカイブ),1
天童アリス_明星ヒマリ_間宵シグレ_尾刃カンナ,1
天童アリス_砂狼シロコ_聖園ミカ_空崎ヒナ,1
清澄アキラ_伊落マリー_シロコ*テラー_アロナ(ブルーアーカイブ)_天童アリス_生塩ノア,1
小鳥遊ホシノ_天童アリス_鬼方カヨコ_赤司ジュンコ,1
天童アリス_連河チェリノ_陸八魔アル_錠前サオリ,1
美甘ネル_陸八魔アル_阿慈谷ヒフミ_早瀬ユウカ_空崎ヒナ_天童アリス_狐坂ワカモ_生塩ノア_飛鳥馬トキ,1
シロコ*テラー_空崎ヒナ_天童アリス_聖園ミカ_狐坂ワカモ,1
天童アリス_明星ヒマリ_室笠アカネ_美甘ネル,1
阿慈谷ヒフミ_小鳥遊ホシノ_桐藤ナギサ_天童アリス_狐坂ワカモ_春原ココナ,1
杏山カズサ_天雨アコ_早瀬ユウカ_空崎ヒナ_天童アリス_聖園ミカ_生塩ノア_飛鳥馬トキ,1
早瀬ユウカ_天童アリス_聖園ミカ_プラナ(ブルーアーカイブ)_アロナ(ブルーアーカイブ),1
杏山カズサ_陸八魔アル_阿慈谷ヒフミ_砂狼シロコ_天童アリス_天見ノドカ_錠前サオリ_久田イズナ_月雪ミヤコ,1
小鳥遊ホシノ_獅子堂イズミ_天童アリス_仲正イチカ_調月リオ,1
狐坂ワカモ_天童アリス_羽川ハスミ,1
和楽チセ_天童アリス_川流シノン_七神リン_羽沼マコト,1
鰐渕アカリ_早瀬ユウカ_空崎ヒナ_天童アリス_生塩ノア,1
杏山カズサ_下江コハル_天童アリス_千鳥ミチル,1
棗イロハ_室笠アカネ_天童アリス_聖園ミカ,1
陸八魔アル_十六夜ノノミ_浦和ハナコ_間宵シグレ_天童アリス_霞沢ミユ_下江コハル_古関ウイ,1
愛清フウカ_美甘ネル_天雨アコ_空崎ヒナ_天童アリス,1
小鳥遊ホシノ_天童アリス_飛鳥馬トキ_早瀬ユウカ,1
尾刃カンナ_天雨アコ_天童アリス_鬼方カヨコ_生塩ノア,1
陸八魔アル_天童アリス_浅黄ムツキ_鬼方カヨコ_伊草ハルカ,1
天童アリス_戒野ミサキ_鬼方カヨコ,1
陸八魔アル_小鳥遊ホシノ_砂狼シロコ_奥空アヤネ_天童アリス_浅黄ムツキ_鬼方カヨコ_伊草ハルカ,1
陸八魔アル_砂狼シロコ_白洲アズサ_空崎ヒナ_天童アリス,1
杏山カズサ_伊落マリー_天童アリス_下江コハル_鬼怒川カスミ,1
小鳥遊ホシノ_天童アリス_砂狼シロコ_黒舘ハルナ,1
小鳥遊ホシノ_天童アリス_砂狼シロコ,1
小鳥遊ホシノ_砂狼シロコ_天童アリス_ケイ(ブルーアーカイブ),1
生塩ノア_天童アリス_扇喜アオイ_早瀬ユウカ,1
天童アリス_明星ヒマリ_美甘ネル,1
砂狼シロコ_天童アリス_桐藤ナギサ,1
早瀬ユウカ_天童アリス_明星ヒマリ_生塩ノア_飛鳥馬トキ_調月リオ,1
若葉ヒナタ_伊落マリー_陸八魔アル_砂狼シロコ_天童アリス_錠前サオリ_久田イズナ,1
天童アリス_砂狼シロコ_明星ヒマリ,1
春原シュン(幼女)_天童アリス_浅黄ムツキ_プラナ(ブルーアーカイブ)_アロナ(ブルーアーカイブ),1
小鳥遊ホシノ_天童アリス_生塩ノア,1
合歓垣フブキ_天童アリス_陸八魔アル_空崎ヒナ,1
棗イロハ_天童アリス_天見ノドカ,1
陸八魔アル_天童アリス_飛鳥馬トキ_黒見セリカ,1
十六夜ノノミ_小鳥遊ホシノ_砂狼シロコ_早瀬ユウカ_天童アリス,1
天童アリス_砂狼シロコ_調月リオ,1
美甘ネル_陸八魔アル_小鳥遊ホシノ_合歓垣フブキ_天童アリス_聖園ミカ_久田イズナ_生塩ノア,1
白石ウタハ_各務チヒロ_空崎ヒナ_黒舘ハルナ_獅子堂イズミ_天童アリス,1
秋泉モミジ_小鳥遊ホシノ_天童アリス_春原ココナ_百合園セイア,1
白石ウタハ_天童アリス_早瀬ユウカ,1
空井サキ_天童アリス_桐藤ナギサ_赤司ジュンコ,1
天童アリス_七神リン,1
天童アリス_白石ウタハ_空崎ヒナ,1
天童アリス_姫木メル,1
伊落マリー_シロコ*テラー_砂狼シロコ_天童アリス_春原ココナ,1
天雨アコ_天童アリス_銀鏡イオリ,1
猫塚ヒビキ_下江コハル_天童アリス_空崎ヒナ,1
早瀬ユウカ_天童アリス_生塩ノア_尾刃カンナ,1
合歓垣フブキ_天童アリス,1
天童アリス_美甘ネル_天雨アコ_空井サキ,1
久田イズナ_天童アリス_大野ツクヨ_千鳥ミチル,1
春原ココナ_天童アリス_棗イロハ,1
陸八魔アル_天雨アコ_早瀬ユウカ_空崎ヒナ_天童アリス_浅黄ムツキ,1
霞沢ミユ_天童アリス_アロナ(ブルーアーカイブ)_プラナ(ブルーアーカイブ),1
春原シュン(幼女)_アロナ(ブルーアーカイブ)_生塩ノア_天童アリス_浅黄ムツキ_プラナ(ブルーアーカイブ)_春原ココナ,1
伊草ハルカ_天童アリス_霞沢ミユ_小鳥遊ホシノ,1
美甘ネル_秋泉モミジ_剣先ツルギ_空崎ヒナ_天童アリス_飛鳥馬トキ_姫木メル,1
尾刃カンナ_伊落マリー_天雨アコ_小鳥遊ホシノ_早瀬ユウカ_天童アリス_鬼方カヨコ_聖園ミカ,1
天童アリス_砂狼シロコ_浅黄ムツキ_陸八魔アル,1
杏山カズサ_奥空アヤネ_天童アリス_小塗マキ_黒見セリカ,1
天童アリス_月雪ミヤコ_伊落マリー,1
阿慈谷ヒフミ_白洲アズサ_桐藤ナギサ_天童アリス_聖園ミカ_百合園セイア,1
シロコ*テラー_下江コハル_ケイ(ブルーアーカイブ)_天童アリス_久田イズナ,1
霞沢ミユ_合歓垣フブキ_天童アリス,1
天童アリス_聖園ミカ_錠前サオリ,1
砂狼シロコ_早瀬ユウカ_天童アリス_浅黄ムツキ_霞沢ミユ_浦和ハナコ_古関ウイ,1
春原ココナ_才羽モモイ_天童アリス,1
天童アリス_百合園セイア,1
天童アリス_聖園ミカ_若葉ヒナタ,1
愛清フウカ_小鳥遊ホシノ_早瀬ユウカ_黒舘ハルナ_天童アリス_下江コハル_生塩ノア,1
小塗マキ_才羽モモイ_天童アリス,1
伊草ハルカ_天童アリス_千鳥ミチル_伊落マリー,1
天童アリス_飛鳥馬トキ_各務チヒロ_陸八魔アル,1
天童アリス_砂狼シロコ_聖園ミカ,1
愛清フウカ_近衛ミナ_伊草ハルカ_天童アリス_聖園ミカ_下倉メグ_小塗マキ,1
天童アリス_生塩ノア_早瀬ユウカ_ケイ(ブルーアーカイブ),1
天童アリス_室笠アカネ_美甘ネル,1
天童アリス_栗村アイリ,1
下江コハル_天童アリス_調月リオ,1
天童アリス_砂狼シロコ_飛鳥馬トキ_聖園ミカ,1
宇沢レイサ_天童アリス_聖園ミカ_プラナ(ブルーアーカイブ)_アロナ(ブルーアーカイブ),1
浦和ハナコ_天童アリス_古関ウイ_下江コハル,1
十六夜ノノミ_小鳥遊ホシノ_天童アリス_空井サキ_霞沢ミユ,1
下江コハル_天童アリス_宇沢レイサ,1
天童アリス_美甘ネル_早瀬ユウカ_ケイ(ブルーアーカイブ),1
天童アリス_調月リオ_錠前サオリ,1
浦和ハナコ_天童アリス_下江コハル,1
早瀬ユウカ_天童アリス_明星ヒマリ_和泉元エイミ_飛鳥馬トキ,1
霞沢ミユ_天童アリス_黒舘ハルナ,1
黒崎コユキ_千鳥ミチル_天童アリス_聖園ミカ_プラナ(ブルーアーカイブ)_柚鳥ナツ,1
天雨アコ_天童アリス_飛鳥馬トキ_空崎ヒナ,1
陸八魔アル_砂狼シロコ_天童アリス_霞沢ミユ_下江コハル,1
阿慈谷ヒフミ_小鳥遊ホシノ_白洲アズサ_鷲見セリナ_天童アリス_プラナ(ブルーアーカイブ),1
下江コハル_天童アリス_久田イズナ_空崎ヒナ,1
美甘ネル_尾刃カンナ_小鳥遊ホシノ_天童アリス_飛鳥馬トキ,1
十六夜ノノミ_小鳥遊ホシノ_砂狼シロコ_秤アツコ_天童アリス_聖園ミカ_狐坂ワカモ_不知火カヤ,1
若葉ヒナタ_伊落マリー_歌住サクラコ_十六夜ノノミ_砂狼シロコ_秤アツコ_ケイ(ブルーアーカイブ)_天童アリス_浅黄ムツキ,1
砂狼シロコ_早瀬ユウカ_天童アリス_久田イズナ_生塩ノア,1
天童アリス_砂狼シロコ_美甘ネル,1
十六夜ノノミ_小鳥遊ホシノ_天雨アコ_天童アリス_浅黄ムツキ_浦和ハナコ_アロナ(ブルーアーカイブ),1
清澄アキラ_陸八魔アル_桐藤ナギサ_空崎ヒナ_天童アリス_不知火カヤ,1
小鳥遊ホシノ_天童アリス_明星ヒマリ_棗イロハ,1
阿慈谷ヒフミ_ソラ(ブルーアーカイブ)_早瀬ユウカ_天童アリス_黒見セリカ,1
槌永ヒヨリ_砂狼シロコ_ケイ(ブルーアーカイブ)_天童アリス_プラナ(ブルーアーカイブ)_アロナ(ブルーアーカイブ),1
美甘ネル_清澄アキラ_風倉モエ_天童アリス_空井サキ_霞沢ミユ_月雪ミヤコ,1
天童アリス_下江コハル_生塩ノア_聖園ミカ,1
守月スズミ_伊草ハルカ_天童アリス_錠前サオリ_霞沢ミユ_アロナ(ブルーアーカイブ),1
阿慈谷ヒフミ_白洲アズサ_宇沢レイサ_天童アリス_竜華キサキ,1
美甘ネル_天童アリス_浅黄ムツキ_下江コハル_百合園セイア,1
天童アリス_早瀬ユウカ_陸八魔アル,1
天童アリス_宇沢レイサ_月雪ミヤコ,1
伊草ハルカ_天童アリス_霞沢ミユ,1
天童アリス_月雪ミヤコ_安守ミノリ_ケイ(ブルーアーカイブ),1
七度ユキノ_天童アリス_聖園ミカ_月雪ミヤコ,1
天童アリス_鬼怒川カスミ_錠前サオリ,1
一之瀬アスナ_銀鏡イオリ_阿慈谷ヒフミ_天童アリス_浅黄ムツキ_霞沢ミユ_下江コハル,1
天童アリス_伊落マリー_ケイ(ブルーアーカイブ),1
白石ウタハ_陸八魔アル_猫塚ヒビキ_豊見コトリ_天童アリス_浅黄ムツキ_鬼方カヨコ_伊草ハルカ_ソラ(ブルーアーカイブ),1
天童アリス_薬子サヤ_美甘ネル,1
天童アリス_美甘ネル_室笠アカネ,1
天童アリス_春原ココナ_早瀬ユウカ_栗村アイリ,1
近衛ミナ_陸八魔アル_小鳥遊ホシノ_ケイ(ブルーアーカイブ)_天童アリス,1
下江コハル_天童アリス_竜華キサキ,1
杏山カズサ_天童アリス_春日ツバキ_赤司ジュンコ,1
天童アリス_羽川ハスミ_天見ノドカ_ケイ(ブルーアーカイブ),1
小鳥遊ホシノ_天童アリス_杏山カズサ_空崎ヒナ,1
勇美カエデ_天童アリス,1
早瀬ユウカ_天童アリス_生塩ノア_薬子サヤ,1
杏山カズサ_棗イロハ_空崎ヒナ_天童アリス_聖園ミカ_霞沢ミユ_古関ウイ,1
槌永ヒヨリ_十六夜ノノミ_浦和ハナコ_風倉モエ_静山マシロ_天童アリス_霞沢ミユ_下江コハル,1
天童アリス_大野ツクヨ,1
和泉元エイミ_天童アリス_飛鳥馬トキ_明星ヒマリ,1
下江コハル_天童アリス_早瀬ユウカ,1
竜華キサキ_下江コハル_天童アリス_伊落マリー,1
久田イズナ_天童アリス_プラナ(ブルーアーカイブ),1
天童アリス_風倉モエ,1
天童アリス_飛鳥馬トキ_古関ウイ,1
天童アリス_美甘ネル_宇沢レイサ_黒崎コユキ,1
天童アリス_春原ココナ,1
天童アリス_飛鳥馬トキ_宇沢レイサ_ケイ(ブルーアーカイブ),1
美甘ネル_一之瀬アスナ_室笠アカネ_角楯カリン_天童アリス_飛鳥馬トキ,1
小鳥遊ホシノ_天童アリス_鬼方カヨコ,1
天童アリス_プラナ(ブルーアーカイブ)_古関ウイ_柚鳥ナツ_百合園セイア,1
銀鏡イオリ_春日ツバキ_砂狼シロコ_天童アリス_久田イズナ,1
天童アリス_伊原木ヨシミ,1
天童アリス_飛鳥馬トキ_陸八魔アル,1
千鳥ミチル_早瀬ユウカ_空崎ヒナ_天童アリス_飛鳥馬トキ,1
猫塚ヒビキ_天童アリス_古関ウイ_陸八魔アル,1
下江コハル_天童アリス_飛鳥馬トキ,1
蒼森ミネ_清澄アキラ_天童アリス_聖園ミカ_浦和ハナコ_百合園セイア,1
奥空アヤネ_各務チヒロ_天童アリス_飛鳥馬トキ_黒見セリカ_小鈎ハレ,1
一之瀬アスナ_砂狼シロコ_天童アリス_羽川ハスミ_浦和ハナコ,1
一之瀬アスナ_砂狼シロコ_天童アリス_久田イズナ_飛鳥馬トキ,1
天雨アコ_久田イズナ_天童アリス_狐坂ワカモ,1
銀鏡イオリ_歌住サクラコ_天童アリス_久田イズナ_古関ウイ,1
小鳥遊ホシノ_天童アリス_明星ヒマリ_和泉元エイミ_生塩ノア,1
一之瀬アスナ_シロコ*テラー_ケイ(ブルーアーカイブ)_天童アリス_桑上カホ_鬼方カヨコ,1
下江コハル_天童アリス_飛鳥馬トキ_調月リオ,1
天童アリス_飛鳥馬トキ_ケイ(ブルーアーカイブ),1
岩櫃アユム_天童アリス_聖園ミカ,1
天童アリス_浦和ハナコ_春原ココナ_鬼方カヨコ,1
小鳥遊ホシノ_早瀬ユウカ_天童アリス_伊草ハルカ_生塩ノア_黒見セリカ,1
小鳥遊ホシノ_天童アリス_浅黄ムツキ,1
天童アリス_千鳥ミチル,1
ケイ(ブルーアーカイブ)_天童アリス_プラナ(ブルーアーカイブ)_アロナ(ブルーアーカイブ)_ソラ(ブルーアーカイブ),1
天童アリス_早瀬ユウカ_黒見セリカ,1
守月スズミ_天童アリス_早瀬ユウカ_黒崎コユキ,1
伊落マリー_早瀬ユウカ_天童アリス_聖園ミカ_下江コハル,1
阿慈谷ヒフミ_鷲見セリナ_早瀬ユウカ_天童アリス_浅黄ムツキ_羽川ハスミ_牛牧ジュリ_久田イズナ,1
小鳥遊ホシノ_久田イズナ_天童アリス,1
生塩ノア_天童アリス_大野ツクヨ_早瀬ユウカ,1
合歓垣フブキ_天童アリス_明星ヒマリ_朝顔ハナエ_古関ウイ_氷室セナ,1
天童アリス_黒見セリカ_尾刃カンナ_氷室セナ,1
天童アリス_浅黄ムツキ_明星ヒマリ_聖園ミカ_伊草ハルカ_下江コハル_小鈎ハレ,1
天雨アコ_早瀬ユウカ_天童アリス_明星ヒマリ_岩櫃アユム_鬼方カヨコ_七神リン_由良木モモカ,1
ケイ(ブルーアーカイブ)_天童アリス_アロナ(ブルーアーカイブ)_プラナ(ブルーアーカイブ),1
天童アリス_若葉ヒナタ_プラナ(ブルーアーカイブ),1
天童アリス_プラナ(ブルーアーカイブ)_アロナ(ブルーアーカイブ)_飛鳥馬トキ_調月リオ,1
天童アリス_早瀬ユウカ_尾刃カンナ,1
天童アリス_伊落マリー_百合園セイア,1
天童アリス_桐藤ナギサ_聖園ミカ,1
伊草ハルカ_天童アリス_黒崎コユキ_久田イズナ,1
生塩ノア_天童アリス_早瀬ユウカ_黒崎コユキ,1
天童アリス_プラナ(ブルーアーカイブ)_小鈎ハレ,1
春原ココナ_天童アリス_中務キリノ,1
天童アリス_美甘ネル_羽沼マコト,1
美甘ネル_小鳥遊ホシノ_剣先ツルギ_空崎ヒナ_天童アリス_狐坂ワカモ,1
美甘ネル_室笠アカネ_早瀬ユウカ_天童アリス_小塗マキ_小鈎ハレ,1
天童アリス_一之瀬アスナ_角楯カリン_美甘ネル,1
乙花スミレ_天童アリス_調月リオ,1
乙花スミレ_天童アリス_調月リオ_ケイ(ブルーアーカイブ),1
天童アリス_伊落マリー_空崎ヒナ,1
浦和ハナコ_下江コハル_天童アリス_飛鳥馬トキ,1
生塩ノア_天童アリス_早瀬ユウカ_空崎ヒナ,1
天童アリス_飛鳥馬トキ_明星ヒマリ,1
阿慈谷ヒフミ_早瀬ユウカ_天童アリス_月雪ミヤコ_生塩ノア,1
天童アリス_飛鳥馬トキ_調月リオ_明星ヒマリ,1
愛清フウカ_伊落マリー_阿慈谷ヒフミ_黒舘ハルナ_天童アリス_プラナ(ブルーアーカイブ),1
天童アリス_美甘ネル_飛鳥馬トキ_調月リオ,1
砂狼シロコ_天童アリス_剣先ツルギ,1
天童アリス_岩櫃アユム_伊落マリー,1
生塩ノア_天童アリス_明星ヒマリ_早瀬ユウカ,1
小鳥遊ホシノ_砂狼シロコ_天童アリス_陸八魔アル,1
天童アリス_古関ウイ_錠前サオリ,1
天童アリス_天地ニヤ_黒崎コユキ_飛鳥馬トキ,1
天童アリス_美甘ネル_飛鳥馬トキ_空崎ヒナ,1
陸八魔アル_天童アリス_浅黄ムツキ_鬼方カヨコ_聖園ミカ_伊草ハルカ_久田イズナ,1
才羽モモイ_天童アリス_古関ウイ_鬼方カヨコ,1
桐藤ナギサ_ケイ(ブルーアーカイブ)_天童アリス_飛鳥馬トキ_調月リオ,1
杏山カズサ_愛清フウカ_砂狼シロコ_天童アリス_月雪ミヤコ,1
天童アリス_鰐渕アカリ_浅黄ムツキ,1
天童アリス_乙花スミレ_羽川ハスミ_早瀬ユウカ,1
天童アリス_小鈎ハレ_空崎ヒナ,1
天童アリス_聖園ミカ_美甘ネル,1
一之瀬アスナ_角楯カリン_天童アリス_錠前サオリ_飛鳥馬トキ,1
天童アリス_黒崎コユキ_聖園ミカ,1
美甘ネル_伊原木ヨシミ_天童アリス_錠前サオリ_伊草ハルカ,1
浦和ハナコ_天童アリス_桐藤ナギサ_聖園ミカ,1
アロナ(ブルーアーカイブ)_天童アリス_飛鳥馬トキ,1
愛清フウカ_黒崎コユキ_天童アリス_聖園ミカ_浦和ハナコ_飛鳥馬トキ,1
黒舘ハルナ_天童アリス,1
小鳥遊ホシノ_桐藤ナギサ_天童アリス_プラナ(ブルーアーカイブ)_アロナ(ブルーアーカイブ)_飛鳥馬トキ,1
白石ウタハ_空崎ヒナ_猫塚ヒビキ_豊見コトリ_天童アリス,1
杏山カズサ_天童アリス_久田イズナ_生塩ノア_古関ウイ_竜華キサキ,1
天童アリス_剣先ツルギ_聖園ミカ_空崎ヒナ,1
歌住サクラコ_天童アリス_下倉メグ_十六夜ノノミ,1
小鳥遊ホシノ_天童アリス_聖園ミカ_月雪ミヤコ,1
赤司ジュンコ_早瀬ユウカ_天童アリス_聖園ミカ_天見ノドカ_久田イズナ_アロナ(ブルーアーカイブ),1
天童アリス_空崎ヒナ_錠前サオリ,1
天童アリス_アロナ(ブルーアーカイブ)_聖園ミカ,1
天童アリス_合歓垣フブキ_砂狼シロコ_尾刃カンナ,1
陸八魔アル_阿慈谷ヒフミ_棗イロハ_中務キリノ_早瀬ユウカ_天童アリス_鬼方カヨコ_天見ノドカ,1
天童アリス_シロコ*テラー_砂狼シロコ,1
杏山カズサ_伊落マリー_天童アリス_聖園ミカ_下江コハル_柚鳥ナツ,1
白石ウタハ_天雨アコ_早瀬ユウカ_空崎ヒナ_天童アリス_生塩ノア,1
小鳥遊ホシノ_空崎ヒナ_天童アリス_聖園ミカ_春原ココナ_竜華キサキ,1
浦和ハナコ_下江コハル_天童アリス_阿慈谷ヒフミ,1
天童アリス_浅黄ムツキ_陸八魔アル_空崎ヒナ,1
天童アリス_陸八魔アル_ケイ(ブルーアーカイブ),1
天童アリス_銀鏡イオリ_空崎ヒナ,1
天童アリス_古関ウイ_十六夜ノノミ,1
銀鏡イオリ_宇沢レイサ_天童アリス_霞沢ミユ_生塩ノア_柚鳥ナツ_小鈎ハレ,1
棗イロハ_狐坂ワカモ_天童アリス_伊落マリー,1
天雨アコ_天童アリス_黒舘ハルナ_空崎ヒナ,1
一之瀬アスナ_陸八魔アル_砂狼シロコ_早瀬ユウカ_天童アリス_明星ヒマリ_火宮チナツ,1
黒舘ハルナ_愛清フウカ_天童アリス,1
銀鏡イオリ_陸八魔アル_天雨アコ_秤アツコ_天童アリス,1
美甘ネル_小鳥遊ホシノ_春原シュン(幼女)_空崎ヒナ_天童アリス_久田イズナ_飛鳥馬トキ,1
アロナ(ブルーアーカイブ)_天童アリス_阿慈谷ヒフミ,1
美甘ネル_角楯カリン_阿慈谷ヒフミ_間宵シグレ_天童アリス,1
一之瀬アスナ_角楯カリン_剣先ツルギ_桐藤ナギサ_天童アリス_戒野ミサキ,1
一之瀬アスナ_天童アリス_生塩ノア_飛鳥馬トキ_柚鳥ナツ,1
小鳥遊ホシノ_天童アリス_春原ココナ_聖園ミカ,1
伊落マリー_小鳥遊ホシノ_天雨アコ_天童アリス_空井サキ,1
美甘ネル_小鳥遊ホシノ_剣先ツルギ_空崎ヒナ_天童アリス_七神リン,1
久田イズナ_天童アリス_一之瀬アスナ_早瀬ユウカ,1
阿慈谷ヒフミ_砂狼シロコ_空崎ヒナ_天童アリス_和泉元エイミ,1
小鳥遊ホシノ_下江コハル_空崎ヒナ_天童アリス_連河チェリノ_春原シュン_霞沢ミユ_久田イズナ_アロナ(ブルーアーカイブ),1
天童アリス_間宵シグレ_天見ノドカ,1
美甘ネル_陸八魔アル_伊落マリー_棗イロハ_天童アリス,1
一之瀬アスナ_銀鏡イオリ_猫塚ヒビキ_天童アリス_霞沢ミユ_久田イズナ,1
天童アリス_アロナ(ブルーアーカイブ)_火宮チナツ,1
ケイ(ブルーアーカイブ)_天童アリス_明星ヒマリ_霞沢ミユ_調月リオ,1
天童アリス_下江コハル_生塩ノア_早瀬ユウカ,1
棗イロハ_小鳥遊ホシノ_空崎ヒナ_天童アリス_明星ヒマリ,1
杏山カズサ_天童アリス_霞沢ミユ,1
猫塚ヒビキ_白石ウタハ_天童アリス_豊見コトリ,1
白石ウタハ_伊落マリー_早瀬ユウカ_黒舘ハルナ_天童アリス_羽川ハスミ,1
春原ココナ_天童アリス_阿慈谷ヒフミ,1
春原ココナ_天童アリス_春原シュン(幼女)_阿慈谷ヒフミ,1
豊見コトリ_天童アリス_砂狼シロコ_伊落マリー,1
天童アリス_千鳥ミチル_氷室セナ_空崎ヒナ,1
砂狼シロコ_静山マシロ_中務キリノ_天童アリス_浦和ハナコ,1
角楯カリン_小鳥遊ホシノ_猫塚ヒビキ_天童アリス_鬼方カヨコ,1
白石ウタハ_早瀬ユウカ_天童アリス_栗村アイリ_春原ココナ_柚鳥ナツ,1
杏山カズサ_天童アリス_風倉モエ_聖園ミカ,1
砂狼シロコ_天童アリス_美甘ネル_阿慈谷ヒフミ,1
天童アリス_久田イズナ_砂狼シロコ_阿慈谷ヒフミ,1
伊落マリー_十六夜ノノミ_宇沢レイサ_豊見コトリ_天童アリス,1
銀鏡イオリ_棗イロハ_天童アリス_聖園ミカ_下江コハル,1
剣先ツルギ_空崎ヒナ_天童アリス_池倉マリナ_七神リン,1
下江コハル_天童アリス_銀鏡イオリ_陸八魔アル,1
槌永ヒヨリ_天童アリス_空崎ヒナ,1
銀鏡イオリ_伊落マリー_小鳥遊ホシノ_鷲見セリナ_天童アリス_羽川ハスミ_春原シュン_黒見セリカ,1
棗イロハ_天童アリス_小鳥遊ホシノ,1
伊原木ヨシミ_空崎ヒナ_天童アリス_連河チェリノ_池倉マリナ,1
勇美カエデ_天童アリス_柚鳥ナツ,1
天童アリス_銀鏡イオリ_伊落マリー,1
棗イロハ_天童アリス_空井サキ_鬼方カヨコ_下江コハル_古関ウイ,1
天童アリス_守月スズミ_美甘ネル,1
槌永ヒヨリ_桐藤ナギサ_早瀬ユウカ_黒舘ハルナ_天童アリス_空井サキ_春原シュン_大野ツクヨ,1
美甘ネル_河駒風ラブ_伊原木ヨシミ_小鳥遊ホシノ_合歓垣フブキ_天童アリス,1
天童アリス_伊原木ヨシミ_柚鳥ナツ,1
棗イロハ_天童アリス_早瀬ユウカ_伊原木ヨシミ,1
一之瀬アスナ_天雨アコ_棗イロハ_砂狼シロコ_小鳥遊ホシノ_早瀬ユウカ_天童アリス,1
砂狼シロコ_天童アリス_下江コハル,1
十六夜ノノミ_小鳥遊ホシノ_砂狼シロコ_早瀬ユウカ_天童アリス_聖園ミカ_錠前サオリ_戒野ミサキ,1
天童アリス_鬼方カヨコ_早瀬ユウカ_聖園ミカ,1
天童アリス_羽川ハスミ_早瀬ユウカ_錠前サオリ,1
美甘ネル_陸八魔アル_伊落マリー_天童アリス_下江コハル,1
砂狼シロコ_天童アリス_狐坂ワカモ,1
天童アリス_古関ウイ_空崎ヒナ,1
小鳥遊ホシノ_天童アリス_美甘ネル,1
天童アリス_砂狼シロコ_伊草ハルカ,1
小鳥遊ホシノ_天童アリス_陸八魔アル,1
天童アリス_陸八魔アル_空崎ヒナ,1
天童アリス_栗村アイリ_池倉マリナ,1
陸八魔アル_天雨アコ_砂狼シロコ_天童アリス_浅黄ムツキ_黒見セリカ,1
小鳥遊ホシノ_天童アリス_天雨アコ_棗イロハ,1
小鳥遊ホシノ_天童アリス_角楯カリン,1
天童アリス_一之瀬アスナ_陸八魔アル,1
天童アリス_浅黄ムツキ_古関ウイ_空崎ヒナ,1
伊草ハルカ_天童アリス_戒野ミサキ,1
天童アリス_陸八魔アル_阿慈谷ヒフミ,1
霞沢ミユ_天童アリス_河和シズコ,1
白石ウタハ_浦和ハナコ_白洲アズサ_天童アリス_下江コハル_古関ウイ,1
天童アリス_白洲アズサ_柚鳥ナツ_角楯カリン,1
霞沢ミユ_天童アリス_月雪ミヤコ,1
天地ニヤ_阿慈谷ヒフミ_白洲アズサ_早瀬ユウカ_天童アリス_空井サキ_聖園ミカ_古関ウイ_黒見セリカ,1
一之瀬アスナ_天雨アコ_音瀬コタマ_白洲アズサ_天童アリス_柚鳥ナツ,1
伊落マリー_砂狼シロコ_早瀬ユウカ_空崎ヒナ_天童アリス_聖園ミカ,1
天雨アコ_小鳥遊ホシノ_早瀬ユウカ_天童アリス_下江コハル_月雪ミヤコ_古関ウイ,1
天童アリス_美甘ネル_一之瀬アスナ_阿慈谷ヒフミ,1
天童アリス_天見ノドカ_空崎ヒナ,1
赤司ジュンコ_陸八魔アル_棗イロハ_天雨アコ_小鳥遊ホシノ_天童アリス_桑上カホ_下江コハル,1
棗イロハ_間宵シグレ_天童アリス_聖園ミカ_月雪ミヤコ_古関ウイ,1
阿慈谷ヒフミ_白洲アズサ_天童アリス_月雪ミヤコ_柚鳥ナツ,1
棗イロハ_天童アリス_美甘ネル,1
河和シズコ_下江コハル_天童アリス_尾刃カンナ,1
黒舘ハルナ_天童アリス_美甘ネル_赤司ジュンコ,1
一之瀬アスナ_小鳥遊ホシノ_天童アリス_浅黄ムツキ_霞沢ミユ,1
下江コハル_天童アリス_羽川ハスミ,1
伊草ハルカ_天童アリス_美甘ネル,1
天童アリス_美甘ネル_ソラ(ブルーアーカイブ),1
天童アリス_一之瀬アスナ_美甘ネル,1
天童アリス_空崎ヒナ_伊落マリー_白洲アズサ,1
若葉ヒナタ_小鳥遊ホシノ_各務チヒロ_空崎ヒナ_天童アリス_聖園ミカ_氷室セナ,1
勇美カエデ_阿慈谷ヒフミ_合歓垣フブキ_早瀬ユウカ_天童アリス_古関ウイ,1
天童アリス_砂狼シロコ_鬼方カヨコ,1
一之瀬アスナ_伊落マリー_阿慈谷ヒフミ_早瀬ユウカ_天童アリス_霞沢ミユ_古関ウイ,1
銀鏡イオリ_砂狼シロコ_空崎ヒナ_天童アリス_久田イズナ,1
小鳥遊ホシノ_天童アリス_一之瀬アスナ_伊原木ヨシミ,1
天童アリス_古関ウイ_陸八魔アル_白洲アズサ,1
アロナ(ブルーアーカイブ)_天童アリス_空井サキ_空崎ヒナ,1
陸八魔アル_阿慈谷ヒフミ_白洲アズサ_天童アリス_浅黄ムツキ,1
阿慈谷ヒフミ_砂狼シロコ_空崎ヒナ_天童アリス_天見ノドカ,1
小鳥遊ホシノ_天童アリス_美甘ネル_空崎ヒナ,1
天童アリス_柚鳥ナツ_空崎ヒナ,1
美甘ネル_天童アリス_浅黄ムツキ_鬼方カヨコ_錠前サオリ_伊草ハルカ,1
天童アリス_銀鏡イオリ_美甘ネル_十六夜ノノミ,1
銀鏡イオリ_陸八魔アル_阿慈谷ヒフミ_小鳥遊ホシノ_天童アリス_鬼方カヨコ_アロナ(ブルーアーカイブ),1
陸八魔アル_阿慈谷ヒフミ_砂狼シロコ_空崎ヒナ_天童アリス_アロナ(ブルーアーカイブ),1
美甘ネル_陸八魔アル_砂狼シロコ_天童アリス_春原シュン,1
砂狼シロコ_天童アリス_十六夜ノノミ,1
小鳥遊ホシノ_砂狼シロコ_早瀬ユウカ_天童アリス_アロナ(ブルーアーカイブ)_黒見セリカ,1
角楯カリン_阿慈谷ヒフミ_音瀬コタマ_天童アリス_鬼方カヨコ_アロナ(ブルーアーカイブ),1
小鳥遊ホシノ_天童アリス_ソラ(ブルーアーカイブ),1
愛清フウカ_牛牧ジュリ_黒舘ハルナ_天童アリス_浅黄ムツキ_久田イズナ,1
天童アリス_間宵シグレ_鬼方カヨコ_阿慈谷ヒフミ,1
美甘ネル_陸八魔アル_阿慈谷ヒフミ_奥空アヤネ_天童アリス_浅黄ムツキ_鬼方カヨコ,1
美甘ネル_十六夜ノノミ_砂狼シロコ_猫塚ヒビキ_天童アリス,1
陸八魔アル_天童アリス_浅黄ムツキ_連河チェリノ_伊草ハルカ,1
美甘ネル_砂狼シロコ_奥空アヤネ_空崎ヒナ_天童アリス_連河チェリノ_小塗マキ_火宮チナツ,1
春日ツバキ_天童アリス_剣先ツルギ_角楯カリン,1
天童アリス_羽川ハスミ_柚鳥ナツ_黒見セリカ,1
砂狼シロコ_天童アリス_久田イズナ,1
小鳥遊ホシノ_天童アリス_桐藤ナギサ_阿慈谷ヒフミ,1
和泉元エイミ_天童アリス,1
天童アリス_剣先ツルギ,1
空崎ヒナ_天童アリス_浅黄ムツキ_柚鳥ナツ_ソラ(ブルーアーカイブ),1
阿慈谷ヒフミ_砂狼シロコ_鷲見セリナ_早瀬ユウカ_天童アリス_下江コハル_久田イズナ,1
天童アリス_角楯カリン,1
伊原木ヨシミ_下江コハル_空崎ヒナ_天童アリス_鬼方カヨコ_連河チェリノ_浦和ハナコ_柚鳥ナツ,1
白石ウタハ_早瀬ユウカ_猫塚ヒビキ_豊見コトリ_天童アリス_浅黄ムツキ_下江コハル,1
阿慈谷ヒフミ_白洲アズサ_空崎ヒナ_天童アリス_小鈎ハレ,1
愛清フウカ_白石ウタハ_守月スズミ_中務キリノ_空崎ヒナ_天童アリス_浅黄ムツキ_鬼方カヨコ_浦和ハナコ,1
十六夜ノノミ_小鳥遊ホシノ_天童アリス_鬼方カヨコ_伊草ハルカ_下江コハル,1
赤司ジュンコ_小鳥遊ホシノ_空崎ヒナ_天童アリス_浅黄ムツキ_伊草ハルカ_黒見セリカ,1
下江コハル_天童アリス_阿慈谷ヒフミ,1
天童アリス_浅黄ムツキ_ソラ(ブルーアーカイブ)_赤司ジュンコ,1
阿慈谷ヒフミ_剣先ツルギ_天童アリス_柚鳥ナツ_黒見セリカ,1
天童アリス_浅黄ムツキ_秋泉モミジ_空崎ヒナ,1
砂狼シロコ_天童アリス_早瀬ユウカ_阿慈谷ヒフミ,1
天童アリス_砂狼シロコ_小鳥遊ホシノ_小鈎ハレ,1
天童アリス_赤司ジュンコ_陸八魔アル,1
猫塚ヒビキ_天童アリス_銀鏡イオリ_陸八魔アル,1
天童アリス_美甘ネル_早瀬ユウカ_空崎ヒナ,1
赤司ジュンコ_小鳥遊ホシノ_猫塚ヒビキ_天童アリス_久田イズナ_七神リン,1
